product,isin,exchange,benchmark,region,esgRating,totalExpanseRation,translateView,linkKid
iShares STOXX Europa Select Dividend 30 (DE),DE0002635299,Xetra,STOXX Europa Select Dividend 30,Europa,AA,0.31,Bekijk,https://www.ishares.com/de/professionelle-anleger/de/literature/kiid/kiid-munich-all-ishares-stoxx-Europa-select-dividend-30-ucits-etf-de-de-de0002635299-de.pdf
iShares STOXX Europa 600 UCITS ETF (DE),DE0002635307,Xetra,STOXX Europa 600 NR,Europa,AA,0.2,Bekijk,https://www.ishares.com/ch/individual/en/literature/kiid/kiid-ishares-stoxx-Europa-600-ucits-etf-de-ch-de0002635307-en.pdf
iShares TecDAX UCITS ETF (DE),DE0005933972,Xetra,DAXX,Europa,A,0.51,Bekijk,https://www.ishares.com/ch/individual/en/literature/kiid/kiid-ishares-tecdax-ucits-etf-de-ch-de0005933972-en.pdf
iShares STOXX Europa Mid 200 (DE),DE0005933998,Xetra,STOXX Europa Mid 200,Europa,AA,0.2,Bekijk,https://www.justetf.com/servlet/download?isin=DE0005933998&documentType=KID&country=DE&lang=de
iShares NASDAQ-100 UCITS ETF (DE),DE000A0F5UF5,Xetra,Nasdaq-100,Verenigde Staten,BBB,0.31,Bekijk,https://www.blackrock.com/lu/individual/literature/kiid/kiid-ishares-nasdaq-100-ucits-etf-de-gb-de000a0f5uf5-en.pdf
iShares STOXX Global Select Dividend 100 (DE),DE000A0F5UH1,Xetra,STOXX Global Select Dividend 100 Index,Wereldwijd,AA,0.46,Bekijk,https://www.ishares.com/ch/individual/en/literature/kiid/kiid-ishares-stoxx-global-select-dividend-100-ucits-etf-de-ch-de000a0f5uh1-en.pdf
DIVERS COMMODITY,DE000A0H0728,Euronext Amsterdam,Bloomberg Commodity Index Total Return,Wereldwijd,-,0.46,Bekijk,https://www.ishares.com/ch/individual/en/literature/kiid/kiid-ishares-diversified-commodity-swap-ucits-etf-de-ch-de000a0h0728-en.pdf
iShares Diversified Commodity Swap (DE),DE000A0H0728,Xetra,Bloomberg Commodity Index Total Return,Wereldwijd,-,0.46,Bekijk,https://www.ishares.com/ch/individual/en/literature/kiid/kiid-ishares-diversified-commodity-swap-ucits-etf-de-ch-de000a0h0728-en.pdf
iShares STOXX Europa 600 Oil & Gas UCITS ETF (DE),DE000A0H08M3,Xetra,STOXX Europa 600 Oil & Gas,Europa,A,0.46,Bekijk,https://www.ishares.com/ch/institutional/en/literature/kiid/kiid-ishares-stoxx-Europa-600-oil-gas-ucits-etf-de-ch-de000a0h08m3-en.pdf
iShares STOXX Europa 600 Travel & Leisure (DE),DE000A0H08S0,Xetra,STOXX Europa 600 Travel & Leisure,Europa,A,0.46,Bekijk,https://www.ishares.com/ch/individual/en/literature/kiid/kiid-ishares-stoxx-Europa-600-travel-leisure-ucits-etf-de-ch-de000a0h08s0-en.pdf
Etflab Stoxx Europa Strong Growth 20,DE000ETFL037,Xetra,STOXX Europa Strong Growth 20,Europa,A,0.65,Bekijk,https://www.deka-etf.de/documents/kiid_3_20210208_de.pdf
BBVA-ACCION IBEX 35 ETF,ES0105336038,Bolsa de Madrid,IBEX 35,Europa,-,0.4,Bekijk,https://fidocs.bbva.com/documents/ES0105336038_FR_20210131_ESP_SPA_1.pdf
LYXOR ETF BEL 20,FR0000021842,Euronext Brussels,Brussels Stock Exchange BEL20 Private Return Index Closing,Belgi?,AAA,0.5,Bekijk,https://www.lyxoretf.co.uk/en/instit/resources/documents/kiid/lyxor-bel-20-tr-dr-ucits-etf-dist-distrib/fr0000021842/eur?documentLanguage=English
LYXOR ETF CAC 40,FR0007052782,Euronext Paris,CAC 40 Total Return Index,Europa,A,0.25,Bekijk,https://www.lyxoretf.co.uk/en/instit/resources/documents/kiid/lyxor-cac-40-dr-ucits-etf-dist-distrib/fr0007052782/gbp?documentLanguage=English
LYXOR ETF ESTOXX50,FR0007054358,Euronext Paris,EURO STOXX 50 Net Return EUR,Europa,AA,0.2,Bekijk,https://www.lyxoretf.co.uk/en/instit/resources/documents/kiid/lyxor-euro-stoxx-50-dr-ucits-etf-acc-capi/fr0007054358/eur?documentLanguage=English
LYXOR ETF IBEX 35,FR0010251744,Bolsa de Madrid,IBEX 35,Europa,AA,0.3,Bekijk,https://www.lyxoretf.co.uk/en/instit/resources/documents/kiid/lyxor-ibex-35-dr-ucits-etf-dist-distrib/fr0010251744/eur?documentLanguage=English
LYXOR ETF INDIA,FR0010361683,Euronext Paris,MSCI Emerging Markets India Net TR (USD),India,A,0.85,Bekijk,https://www.lyxoretf.co.uk/en/instit/resources/documents/kiid/lyxor-msci-india-ucits-etf-acc-eur-capi/fr0010361683/eur?documentLanguage=English
LYXOR ETF ATHEX 20,FR0010405431,Euronext Paris,MSCI Greece IMI + Coca-Cola 20-35 Net Total Return,Europa,A,0.45,Bekijk,https://www.lyxoretf.co.uk/en/instit/resources/documents/kiid/lyxor-msci-greece-ucits-etf-dist-distrib/fr0010405431/eur?documentLanguage=English
Lyxor New Energy UCITS ETF Dist,FR0010524777,Xetra,World Alternative Energy Total Return Index,Wereldwijd,AA,0.6,Bekijk,https://www.lyxoretf.co.uk/en/retail/resources/documents/kiid/lyxor-msci-new-energy-esg-filtered-dr-ucits-etf-dist-distrib/fr0010524777/gbp?documentLanguage=English
Lyxor World Water UCITS ETF - Dist,FR0010527275,Xetra,World Water cw Total Return Index,Wereldwijd,AA,0.6,Bekijk,https://www.lyxoretf.co.uk/en/retail/resources/documents/kiid/lyxor-msci-water-esg-filtered-dr-ucits-etf-dist-distrib/fr0010527275/gbp?documentLanguage=English
STOXX 600 EasyETF,FR0011550193,Euronext Paris,STOXX Europa 600 NR,Europa,AA,0.2,Bekijk,https://docfinder.is.bnpparibas-ip.com/api/files/76905a1e-3820-4e3f-8051-2e487c150315/6656
EASYETF STOXX 50,FR0012739431,Euronext Paris,EURO STOXX 50 (NR),Europa,AA,0.18,Bekijk,https://docfinder.is.bnpparibas-ip.com/api/files/5f2663ed-19ed-4bb7-8dff-37e119a3617c/5632
ISHARES FTSE 100,IE0005042456,Euronext Amsterdam,FTSE 100-index,Verenigd Koninkrijk ,AA,0.07,Bekijk,https://www.ishares.com/uk/individual/en/literature/kiid/kiid-ishares-core-ftse-100-ucits-etf-gbp-dist-gb-ie0005042456-en.pdf
ISHARES STOXX 50,IE0008470928,Euronext Amsterdam,DJ Stoxx 50,Europa,AA,0.35,Bekijk,https://www.ishares.com/uk/individual/en/literature/kiid/kiid-ishares-stoxx-Europa-50-ucits-etf-eur-dist-gb-ie0008470928-en.pdf
ISHARES EURO STX50,IE0008471009,Euronext Amsterdam,Euro STOXX 50,Europa,A,0.1,Bekijk,https://www.ishares.com/uk/individual/en/literature/kiid/kiid-ishares-core-euro-stoxx-50-ucits-etf-eur-dist-gb-ie0008471009-en.pdf
ISHARES S&P 500,IE0031442068,Euronext Amsterdam,S&P 500,Verenigde Staten,BBB,0.07,Bekijk,https://www.ishares.com/uk/individual/en/literature/kiid/kiid-ishares-core-sp-500-ucits-etf-usd-dist-gb-ie0031442068-en.pdf
PS EQQQ,IE0032077012,Euronext Paris,Nasdaq-100,Verenigde Staten,BBB,0.3,Bekijk,https://etf.invesco.com/sites/default/files/documents/IE0032077012_EN_GB.pdf
ISHARES JAPAN,IE00B02KXH56,Euronext Amsterdam,MSCI Japan,Japan,A,0.59,Bekijk,https://www.ishares.com/uk/individual/en/literature/kiid/kiid-ishares-msci-japan-ucits-etf-usd-dist-gb-ie00b02kxh56-en.pdf
ISHARES CHINA 25,IE00B02KXK85,Euronext Amsterdam,FTSE China 25,China,BBB,0.74,Bekijk,https://www.ishares.com/uk/individual/en/literature/kiid/kiid-ishares-china-large-cap-ucits-etf-usd-dist-gb-ie00b02kxk85-en.pdf
ISHARES WORLD,IE00B0M62Q58,Euronext Amsterdam,MSCI World EUR,Wereldwijd,A,0.5,Bekijk,https://www.ishares.com/uk/individual/en/literature/kiid/kiid-ishares-msci-world-ucits-etf-usd-dist-gb-ie00b0m62q58-en.pdf
ISHARES ESTOXX DIV,IE00B0M62S72,Euronext Amsterdam,STOXX Europa Select Dividend 30,Europa,A,0.4,Bekijk,https://www.ishares.com/uk/individual/en/literature/kiid/kiid-ishares-euro-dividend-ucits-etf-eur-dist-gb-ie00b0m62s72-en.pdf
ISHARES E INF-LINK,IE00B0M62X26,Euronext Amsterdam,Barclays Euro Government Inflation-Linked All Maturities,Europa,A,0.25,Bekijk,https://www.ishares.com/uk/individual/en/literature/kiid/kiid-ishares-inflation-linked-govt-bond-ucits-etf-eur-acc-gb-ie00b0m62x26-en.pdf
ISHARES AEX,IE00B0M62Y33,Euronext Amsterdam,AEX Total Net Return,Europa,AA,0.3,Bekijk,https://www.ishares.com/uk/individual/en/literature/kiid/kiid-ishares-aex-ucits-etf-eur-dist-gb-ie00b0m62y33-en.pdf
ISHARES EM MARKETS,IE00B0M63177,Euronext Amsterdam,MSCI Emerging Markets Index,Emerging markets,BBB,0.18,Bekijk,https://www.ishares.com/uk/individual/en/literature/kiid/kiid-ishares-msci-emerging-markets-ucits-etf-dist-gb-ie00b0m63177-en.pdf
ISHARES PROP EURO,IE00B0M63284,Euronext Amsterdam,FTSE EPRA Nareit Dv Eur Ex UK Div+NR EUR,Europa,A,0.4,Bekijk,https://www.ishares.com/uk/individual/en/literature/kiid/kiid-ishares-Europaan-property-yield-ucits-etf-eur-dist-gb-ie00b0m63284-en.pdf
ISHARES Zuid Korea,IE00B0M63391,Euronext Amsterdam,MSCI Zuid Korea Index,Zuid Korea,A,0.74,Bekijk,https://www.blackrock.com/kiid/literature/kiid/kiid-ishares-msci-korea-ucits-etf-dist-gb-ie00b0m63391-en.pdf
ISHARES Brazili?,IE00B0M63516,Euronext Amsterdam,MSCI Brazili?,Brazili?,BB,0.74,Bekijk,https://www.ishares.com/uk/individual/en/literature/kiid/kiid-ishares-msci-Brazili?-ucits-etf-usd-dist-gb-ie00b0m63516-en.pdf
ISHARES Azi? PACIF,IE00B14X4T88,Euronext Amsterdam,Dow Jones Azi?/Pacific Select Dividend 30 Index,Azi?,A,0.59,Bekijk,https://www.ishares.com/uk/individual/en/literature/kiid/kiid-ishares-Azi?-pacific-dividend-ucits-etf-usd-dist-gb-ie00b14x4t88-en.pdf
ISHARES PROP Azi?,IE00B1FZS244,Euronext Amsterdam,FTSE EPRA/NAREIT Azi? Dividend + Index,Azi?,BBB,0.59,Bekijk,https://www.ishares.com/uk/individual/en/literature/kiid/kiid-ishares-Azi?-property-yield-ucits-etf-usd-dist-gb-ie00b1fzs244-en.pdf
ISHARES PROP GLO,IE00B1FZS350,Euronext Amsterdam,FTSE EPRA/NAREIT Global Dividend + Index,Wereldwijd,BB,0.59,Bekijk,https://www.ishares.com/uk/individual/en/literature/kiid/kiid-ishares-developed-markets-property-yield-ucits-etf-usd-dist-gb-ie00b1fzs350-en.pdf
ISHARES INFRA GLO,IE00B1FZS467,Euronext Amsterdam,Macquarie Global Infrastructure 100 Index,Wereldwijd,AA,0.65,Bekijk,https://www.ishares.com/uk/individual/en/literature/kiid/kiid-ishares-global-infrastructure-ucits-etf-usd-dist-gb-ie00b1fzs467-en.pdf
ISHARES Turkije ,IE00B1FZS574,Euronext Amsterdam,MSCI Turkije  Index,Turkije ,B,0.74,Bekijk,https://www.ishares.com/uk/individual/en/literature/kiid/kiid-ishares-msci-Turkije -ucits-etf-usd-dist-gb-ie00b1fzs574-en.pdf
ISHARES E GOV7-10,IE00B1FZS806,Euronext Amsterdam,Barclays Euro Government Bond 10 yr Term Index,Europa,A,0.2,Bekijk,https://www.ishares.com/uk/individual/en/literature/kiid/kiid-ishares-govt-bond-7-10yr-ucits-etf-eur-dist-gb-ie00b1fzs806-en.pdf
ISHARES PROP US,IE00B1FZSF77,Euronext Amsterdam,FTSE EPRA/NAREIT Verenigde Staten Dividend+ Index,Verenigde Staten,B,0.4,Bekijk,https://www.ishares.com/uk/individual/en/literature/kiid/kiid-ishares-us-property-yield-ucits-etf-usd-dist-gb-ie00b1fzsf77-en.pdf
ISHARES PRIVATE EQ,IE00B1TXHL60,Euronext Amsterdam,S&P Listed Private Equity,Wereldwijd,BBB,0.75,Bekijk,https://www.ishares.com/uk/individual/en/literature/kiid/kiid-ishares-listed-private-equity-ucits-etf-usd-dist-gb-ie00b1txhl60-en.pdf
iShares Global Water UCITS ETF USD (Dist),IE00B1TXK627,Xetra,S&P Global Water Index,Wereldwijd,AA,0.65,Bekijk,https://www.ishares.com/uk/individual/en/literature/kiid/kiid-ishares-global-water-ucits-etf-usd-dist-gb-ie00b1txk627-en.pdf
ISHARES BRIC 50,IE00B1W57M07,Euronext Amsterdam,FTSE BRIC 50 Index,Wereldwijd,BB,0.74,Bekijk,https://www.ishares.com/uk/individual/en/literature/kiid/kiid-ishares-bric-50-ucits-etf-usd-dist-gb-ie00b1w57m07-en.pdf
iShares Global Clean Energy UCITS ETF USD (Dist),IE00B1XNHC34,Xetra,S&P Global Clean Energy,Wereldwijd,A,0.65,Bekijk,https://www.ishares.com/uk/individual/en/literature/kiid/kiid-ishares-global-clean-energy-ucits-etf-usd-dist-gb-ie00b1xnhc34-en.pdf
ISHARES Europa,IE00B1YZSC51,Euronext Amsterdam,MSCI Europa Index,Europa,AA,0.12,Bekijk,https://www.ishares.com/uk/individual/en/literature/kiid/kiid-ishares-core-msci-Europa-ucits-etf-eur-dist-gb-ie00b1yzsc51-en.pdf
ISHARES LATIN AM,IE00B27YCK28,Euronext Amsterdam,MSCI Emerging Markets Latin America ND,Emerging markets,BB,0.74,Bekijk,https://www.ishares.com/uk/individual/en/literature/kiid/kiid-ishares-msci-em-latin-america-ucits-etf-usd-dist-gb-ie00b27yck28-en.pdf
ISHARES B E AGG,IE00B3DKXQ41,Euronext Amsterdam,Barclays Euro Aggregate Bond Index,Wereldwijd,A,0.25,Bekijk,https://www.ishares.com/uk/individual/en/literature/kiid/kiid-ishares-aggregate-bond-ucits-etf-eur-dist-gb-ie00b3dkxq41-en.pdf
ISHARES B E CORP,IE00B3F81R35,Euronext Amsterdam,Barclays Euro Corporate Bond Index,Wereldwijd,A,0.2,Bekijk,https://www.ishares.com/uk/individual/en/literature/kiid/kiid-ishares-core-corp-bond-ucits-etf-eur-dist-gb-ie00b3f81r35-en.pdf
VANGUARD FTSE AW,IE00B3RBWM25,Euronext Amsterdam,FTSE All World TR USD,Wereldwijd,A,0.22,Bekijk,https://www.vanguardinvestor.co.uk/rs/gre/gls/1.3.0/documents/6016/gb
VANGUARD FTSE EM,IE00B3VVMM84,Euronext Amsterdam,FTSE Emerging Index,Emerging markets,BBB,0.22,Bekijk,https://www.vanguardinvestor.co.uk/rs/gre/gls/1.3.0/documents/6015/gb
iShares S&P 500 Inf Tech Sector UCITS ETF USD(Acc),IE00B3WJKG14,Xetra,S&P 500 Information Technology Index,Verenigde Staten,BBB,0.15,Bekijk,https://www.ishares.com/uk/individual/en/literature/kiid/kiid-ishares-sp-500-information-technology-sector-ucits-etf-usd-acc-gb-ie00b3wjkg14-en.pdf
VANGUARD S&P500,IE00B3XXRP09,Euronext Amsterdam,S&P 500,Verenigde Staten,BBB,0.07,Bekijk,https://www.vanguardinvestor.co.uk/rs/gre/gls/1.3.0/documents/6017/gb
SP 500 EH,IE00B3ZW0K18,Euronext Amsterdam,S&P 500 EUR Hedged Index,Verenigde Staten,BBB,0.2,Bekijk,https://www.ishares.com/uk/individual/en/literature/kiid/kiid-ishares-sp-500-eur-hedged-ucits-etf-acc-gb-ie00b3zw0k18-en.pdf
MSCI WRD EH,IE00B441G979,Euronext Amsterdam,MSCI World EUR Hedged,Wereldwijd,A,0.55,Bekijk,https://www.ishares.com/uk/individual/en/literature/kiid/kiid-ishares-msci-world-eur-hedged-ucits-etf-acc-gb-ie00b441g979-en.pdf
HSBC MSCI CHINA,IE00B44T3H88,Euronext Paris,MSCI China Net,China,BB,0.3,Bekijk,https://www.assetmanagement.hsbc.co.uk/api/v1/download/document/IE00B44T3H88/gb/en/kiid
SPDR EM Azi?,IE00B466KX20,Euronext Paris,MSCI EM (Emerging Markets) Azi? Index,Azi?,BBB,0.55,Bekijk,https://www.ssga.com/library-content/kiids?isin=IE00B466KX20&documentType=kiid&country=uk&language=en_gb&ticker=spya-gy
ISHARES MSCI EUR A,IE00B4K48X80,Euronext Amsterdam,MSCI Europa Index,Europa,AA,0.12,Bekijk,https://www.ishares.com/uk/individual/en/literature/kiid/kiid-ishares-core-msci-Europa-ucits-etf-eur-acc-gb-ie00b4k48x80-en.pdf
ISHARES MSCI WOR A,IE00B4L5Y983,Euronext Amsterdam,MSCI World EUR,Wereldwijd,A,0.2,Bekijk,https://www.ishares.com/uk/individual/en/literature/kiid/kiid-ishares-core-msci-world-ucits-etf-gb-ie00b4l5y983-en.pdf
ISHARES MSCI EM A,IE00B4L5YC18,Euronext Amsterdam,MSCI Emerging Markets Index,Emerging markets,BBB,0.18,Bekijk,https://www.ishares.com/uk/individual/en/literature/kiid/kiid-ishares-msci-em-ucits-etf-usd-acc-gb-ie00b4l5yc18-en.pdf
HSBC MSCI WORLD,IE00B4X9L533,Euronext Paris,MSCI World USD,Wereldwijd,A,0.15,Bekijk,https://www.assetmanagement.hsbc.co.uk/api/v1/download/document/IE00B4X9L533/gb/en/kiid
iSHR NASDAQ 100,IE00B53SZB19,Euronext Amsterdam,Nasdaq-100,Wereldwijd,BBB,0.33,Bekijk,https://www.ishares.com/ch/individual/en/literature/kiid/kiid-ishares-nasdaq-100-ucits-etf-usd-acc-ch-ie00b53szb19-en.pdf
ISHARES DJ GLO SUS,IE00B57X3V84,Euronext Amsterdam,"Dow Jones Sustainability World Enlarged Index ex Alcohol, Tobacco, Gambling, Armaments & Firearms and Adult Entertainment",Wereldwijd,AA,0.6,Bekijk,https://www.ishares.com/uk/individual/en/literature/kiid/kiid-ishares-dow-jones-global-sustainability-screened-ucits-etf-usd-acc-gb-ie00b57x3v84-en.pdf
iShares Core S&P 500 UCITS ETF USD (Acc),IE00B5BMR087,Xetra,S&P 500,Verenigde Staten,BBB,0.07,Bekijk,https://www.ishares.com/uk/individual/en/literature/kiid/kiid-ishares-core-sp-500-ucits-etf-usd-acc-gb-ie00b5bmr087-en.pdf
HSBC SP 500 ETF,IE00B5KQNG97,Euronext Paris,S&P 500,Verenigde Staten,BBB,0.09,Bekijk,https://www.assetmanagement.hsbc.co.uk/api/v1/download/document/ie00b5kqng97/gb/en/kiid
SPDR S&P Euro Dividend Aristocrats ETF,IE00B5M1WJ87,Xetra,S&P Euro High Yield Dividend Aristocrats Index,Europa,A,0.3,Bekijk,https://www.ssga.com/library-content/kiids?isin=IE00B5M1WJ87&documentType=kiid&country=uk&language=en_gb&ticker=spyw-gy
iShares High Yield Corp Bond UCITS ETF EUR(Dist),IE00B66F4759,Xetra,Markit iBoxx Euro Liquid High Yield Index,Wereldwijd,BB,0.5,Bekijk,https://www.blackrock.com/kiid/literature/kiid/kiid-ir-ish-ishares-high-yield-corp-bond-ucits-etf-gb-ie00b66f4759-en.pdf
iSharesOil&Gas Exploration&Prod UCITS ETF USD(Acc),IE00B6R51Z18,Xetra,S&P Commodity Producers Oil&Gas Exploartion&Production Index,Wereldwijd,BBB,0.55,Bekijk,https://www.ishares.com/uk/individual/en/literature/kiid/kiid-ishares-oil-gas-exploration-production-ucits-etf-usd-acc-gb-ie00b6r51z18-en.pdf
iShares Gold Producers UCITS ETF USD (Acc),IE00B6R52036,Xetra,S&P Commodity Producers Gold Index,Wereldwijd,A,0.55,Bekijk,https://www.ishares.com/ch/individual/en/literature/kiid/kiid-ishares-gold-producers-ucits-etf-usd-acc-ch-ie00b6r52036-en.pdf
SPDR S&P 500 $,IE00B6YX5C33,London Stock Exchange (LSE),S&P 500 Index,Verenigde Staten,BBB,0.09,Bekijk,https://www.ssga.com/library-content/kiids?isin=IE00B6YX5C33&documentType=kiid&country=uk&language=en_gb&ticker=spy5-gy
SPDR S&P US Dividend Aristocrats ETF,IE00B6YX5D40,Xetra,S&P High Yield Dividend Aristocrats Index,Verenigde Staten,A,0.35,Bekijk,https://www.ssga.com/library-content/kiids?isin=IE00BYTRR863&documentType=kiid&country=uk&language=en_gb&ticker=wnrg-na
VANGUARDFTSE100,IE00B810Q511,London Stock Exchange (LSE),FTSE 100,Verenigd Koninkrijk ,AA,0.09,Bekijk,https://api.vanguard.com/rs/gre/gls/1.3.0/documents/6021/dk
VANGUARD FTSE HDY,IE00B8GKDB10,Euronext Amsterdam,FTSE All-World High Dividend Yield Index,Wereldwijd,A,0.29,Bekijk,https://www.vanguardinvestor.co.uk/rs/gre/gls/1.3.0/documents/6018/gb
VANGUARD FTSE EUR,IE00B945VV12,Euronext Amsterdam,FTSE Developed Europa Index,Europa,AA,0.1,Bekijk,https://www.vanguardinvestor.co.uk/rs/gre/gls/1.3.0/documents/6022/gb
SPDR S&P Gbl Div Aristocrats UCITS ETF,IE00B9CQXS71,Xetra,S&P Global Dividend Aristocrats Quality Income Index,Wereldwijd,A,0.45,Bekijk,https://www.ssga.com/library-content/kiids?isin=IE00B9CQXS71&documentType=kiid&country=uk&language=en_gb&ticker=zprg-gy
VANGUARD FTSE APXJ,IE00B9F5YL18,Euronext Amsterdam,FTSE Developed Azi? Pacific ex-Japan Index,Azi?,AA,0.15,Bekijk,https://www.vanguardinvestor.co.uk/rs/gre/gls/1.3.0/documents/6019/gb
iShares Core Glb Aggregate Bd UCITS ETF USD Acc,IE00BDBRDM35,Xetra,Bloomberg Barclays Global Aggregate Bond Index,Wereldwijd,A,0.1,Bekijk,https://www.ishares.com/uk/individual/en/literature/kiid/kiid-ishares-core-global-aggregate-bond-ucits-etf-eur-hedged-acc-gb-ie00bdbrdm35-en.pdf
HAN-GINS INNOVAT TECHN,IE00BDDRF700,Borsa Italiana S.p.A.,Solactive Innovative Technologies TR USD,Wereldwijd,BBB,0.59,Bekijk,http://files.hanetf.com/funds/ITEK-IE00BDDRF700/KIID-HANGINSInnovativeTechnologiesUCITSETF%20Accumulating_EN.pdf
HAN-GINS CLOUD TECHNOL,IE00BDDRF924,Borsa Italiana S.p.A.,Solactive Cloud Technology TR USD,Wereldwijd,BBB,0.59,Bekijk,https://etp.hanetf.com/product/2/kiid-skyy-IE00BDDRF924-en-GB.pdf?_ga=2.49490277.2121314113.1616753498-403680991.1614342219
iShares Diverisified Comm SWAP UCITS ETF USD Acc,IE00BDFL4P12,Xetra,Bloomberg Commodity Index TR,Wereldwijd,-,0.19,Bekijk,https://www.ishares.com/uk/individual/en/literature/kiid/kiid-ishares-diversified-commodity-swap-ucits-etf-gb-ie00bdfl4p12-en.pdf
WISDOMTREE ARTIF INTEL,IE00BDVPNG13,Borsa Italiana S.p.A.,Nasdaq CTA Artificial Intelligence Index,Wereldwijd,A,0.4,Bekijk,https://www.wisdomtree.eu/en-gb/-/media/eu-media-files/key-documents/kiids/wt/kiid-en-wisdomtree-artificial-intelligence-ucits-etf---usd-acc.pdf
L&G BATTERY VALUE-CHAIN UCITS ETF,IE00BF0M2Z96,Borsa Italiana S.p.A.,Solactive Battery Value-Chain NR USD,Wereldwijd,A,0.49,Bekijk,https://fundcentres.lgim.com/srp/lit/X3gkgw/KIID_LG-Battery-Value-Chain-UCITS-ETF-Battery-Value-Chain-USD-Acc_20-04-2020_Multi-Audience.pdf
I CRE ECRP BD A,IE00BF11F565,London Stock Exchange (LSE),Barclays Euro Corporate Bond Index,Europa,A,0.2,Bekijk,https://www.ishares.com/uk/individual/en/literature/kiid/kiid-ishares-core-corp-bond-ucits-etf-eur-acc-gb-ie00bf11f565-en.pdf
iShares MSCI World Small Cap UCITS ETF USD Acc,IE00BF4RFH31,Xetra,MSCI World Small Cap Index,Wereldwijd,BBB,0.35,Bekijk,https://www.ishares.com/uk/individual/en/literature/kiid/kiid-ishares-msci-world-small-cap-ucits-etf-usd-acc-gb-ie00bf4rfh31-en.pdf
iShares MSCI EMU ESG Screened UCITS ETF EUR Acc,IE00BFNM3B99,Xetra,MSCI EMU ESG Screened Index,Europa,AA,0.12,Bekijk,https://www.ishares.com/uk/individual/en/literature/kiid/kiid-ishares-msci-emu-esg-screened-ucits-etf-eur-acc-gb-ie00bfnm3b99-en.pdf
iShares MSCI Europa ESG Screened UCITS ETF EUR Acc,IE00BFNM3D14,Xetra,MSCI Europa ESG Screened Index,Europa,AA,0.12,Bekijk,https://www.ishares.com/uk/individual/en/literature/kiid/kiid-ishares-msci-Europa-esg-screened-ucits-etf-eur-acc-gb-ie00bfnm3d14-en.pdf
iShares MSCI USA ESG Screened UCITS ETF USD Acc,IE00BFNM3G45,Xetra,MSCI USA ESG Screened Index,Verenigde Staten,BBB,0.07,Bekijk,https://www.ishares.com/uk/individual/en/literature/kiid/kiid-ishares-msci-usa-esg-screened-ucits-etf-usd-acc-gb-ie00bfnm3g45-en.pdf
iShares MSCI World ESG Screened UCITS ETF USD Acc,IE00BFNM3J75,Xetra,MSCI World ESG Screened Index,Wereldwijd,A,0.2,Bekijk,https://www.ishares.com/uk/individual/en/literature/kiid/kiid-ishares-msci-world-esg-screened-ucits-etf-usd-acc-gb-ie00bfnm3j75-en.pdf
 iShares MSCI EM IMI ESG Scrnd UCITS ETF USD Dist,IE00BFNM3N12,Xetra,MSCI EM IMI ESG Screened Index,Emerging markets,BBB,0.18,Bekijk,https://www.ishares.com/uk/individual/en/literature/kiid/kiid-ishares-msci-em-imi-esg-screened-ucits-etf-usd-dist-gb-ie00bfnm3n12-en.pdf
iShares MSCI EM IMI ESG Screened UCITS ETF USD Acc,IE00BFNM3P36,Xetra,MSCI EM IMI ESG Screened Index,Emerging markets,BBB,0.18,Bekijk,https://www.ishares.com/uk/individual/en/literature/kiid/kiid-ishares-msci-em-imi-esg-screened-ucits-etf-usd-acc-gb-ie00bfnm3p36-en.pdf
KRANE CSI INTERNET,IE00BFXR7892,Euronext Amsterdam,CSI Overseas China Internet Index,Azi?,-,0.75,Bekijk,https://dmsgovernance.com/wp-content/uploads/2018/11/KIID-for-Class-USD-KraneShares-ICAV-KraneShares-CSI-China-Internet-U....pdf
EMQQ EM MKTS INTERNET&,IE00BFYN8Y92,Borsa Italiana S.p.A.,EMQQ The EM Internet & Ecommerce USD,Emerging markets,BB,0.86,Bekijk,https://etp.hanetf.com/product/1/kiid-emqq-IE00BFYN8Y92-en-GB.pdf?_ga=2.252747785.124515488.1617270614-403680991.1614342219
 iShares Digital Security UCITS ETF USD (Dist),IE00BG0J4841,Xetra,STOXX Global Digital Security Index,Wereldwijd,A,0.4,Bekijk,https://www.ishares.com/uk/individual/en/literature/kiid/kiid-ishares-digital-security-ucits-etf-usd-dist-gb-ie00bg0j4841-en.pdf
iShares Digital Security UCITS ETF USD Acc,IE00BG0J4C88,Xetra,STOXX Global Digital Security Index,Wereldwijd,A,0.4,Bekijk,https://www.ishares.com/uk/individual/en/literature/kiid/kiid-ishares-digital-security-ucits-etf-gb-ie00bg0j4c88-en.pdf
Xtrackers ESG MSCI Emerging Markets UCITS ETF 1C,IE00BG370F43,Xetra,MSCI EM Low Carbon SRI Leaders Index,Emerging markets,BBB,0.25,Bekijk,https://etf.dws.com/CHE/ENG/Download/KIID/25930204-c43d-44af-bbad-cfc590989069/IE00BG370F43-2019-10-15-CHB-KI-EN.pdf
The Medical Cannabis and Wellness UCITS ETF - Accumulating (EUR),IE00BG5J1M21,Xetra,Medical Cannabis and Wellness Equity,Noord Amerika,BBB,0.8,Bekijk,https://etp.hanetf.com/product/6/kiid-cbdx-IE00BG5J1M21-en-GB.pdf?_ga=2.244549253.124515488.1617270614-403680991.1614342219
iShares El Vehicles and DrivTech UCITS ETF USD Acc,IE00BGL86Z12,Xetra,STOXX Global Electric Vehicles & Driving Technology NET Index,Wereldwijd,BBB,0.4,Bekijk,https://www.ishares.com/uk/individual/en/literature/kiid/kiid-ishares-electric-vehicles-and-driving-technology-ucits-etf-usd-acc-gb-ie00bgl86z12-en.pdf
Xtrackers Artific Intellig and BigDataUCITS ETF 1C,IE00BGV5VN51,Xetra,Nasdaq Yewno Glb AI and Big Data NR USD,Wereldwijd,A,0.35,Bekijk,https://etf.dws.com/en-gb/EmeaAssetDownload/Index/0d416761-02da-418b-b866-262252ebe479/KIID.pdf/
Xtrackers Future Mobility UCITS ETF 1C,IE00BGV5VR99,Xetra,Nasdaq Yewno Glb Future Mobility NR USD,Wereldwijd,BBB,0.35,Bekijk,https://etf.dws.com/CHE/ENG/Download/KIID/180d7a1c-b603-43d2-9ffd-a82c3575ae92/IE00BGV5VR99-2019-05-28-CHB-KI-EN.pdf
SPDR SP 500ESG Acc,IE00BH4GPZ28,Euronext Amsterdam,S&P 500 ESG Exclusions II,Verenigde Staten,BBB,0.1,Bekijk,https://www.ssga.com/library-content/kiids?isin=IE00BH4GPZ28&documentType=kiid&country=uk&language=en_gb&ticker=sppy-gy
iShares MSCI World ESG Enhanced UCITS ETF USD Acc,IE00BHZPJ569,Xetra,MSCI World ESG Enhanced Focus NET Index,Wereldwijd,-,0.2,Bekijk,https://www.ishares.com/uk/individual/en/literature/kiid/kiid-ishares-msci-world-esg-enhanced-ucits-etf-usd-acc-gb-ie00bhzpj569-en.pdf
SPDR Russell 2000 US Small Cap UCITS ETF,IE00BJ38QD84,Xetra,Russell 2000 Index,Verenigde Staten,BB,0.3,Bekijk,https://uk.spdrs.com/en/investors/
ISHARES CHINA U A,IE00BJ5JPG56,Euronext Amsterdam,MSCI China Index,China & Hong-Kong,BB,0.4,Bekijk,https://www.ishares.com/uk/individual/en/literature/kiid/kiid-ishares-msci-china-ucits-etf-usd-acc-gb-ie00bj5jpg56-en.pdf
WISDOMTREE CLOUD COMPU,IE00BJGWQN72,Borsa Italiana S.p.A.,BVP Nasdaq Emerging Cloud NTR Index,Wereldwijd,BB,0.4,Bekijk,https://www.wisdomtree.eu/en-gb/-/media/eu-media-files/key-documents/kiids/wt/kiid-en-wisdomtree-cloud-computing-ucits-etf--usd-acc.pdf
Rize Med Cannabis and Life Scis UCITS ETF USD Acc,IE00BJXRZ273,Xetra,Foxberry Medical Cnnb & LS NR USD,Wereldwijd,BBB,0.65,Bekijk,https://rizeetf.com/wp-content/uploads/2020/01/KIID-IE00BJXRZ273-Medical-Cannabis-IE_LU_GB.pdf
RIZE CYBERSECUR AND DA,IE00BJXRZJ40,Borsa Italiana S.p.A.,Foxberry Tmic Rrch Cybsy&Dt Prcy NR USD,Wereldwijd,BBB,0.45,Bekijk,https://rizeetf.com/wp-content/uploads/2020/01/KIID-IE00BJXRZJ40-Cybersecurity-IE_LU_GB.pdf
L&G Clean Water UCITS ETF Acc,IE00BK5BC891,Xetra,Solactive Clean Water NR USD,Wereldwijd,AA,0.5,Bekijk,https://fundcentres.lgim.com/srp/lit/7zL9BO/KIID_LG-Clean-Water-UCITS-ETF-Clean-Water-USD-Acc_15-07-2020_Multi-Audience.pdf
L&G Artificial Intelligence UCITS ETF,IE00BK5BCD43,Xetra,ROBO Gbl Artificial Intelligence USD,Wereldwijd,A,0.49,Bekijk,https://fundcentres.lgim.com/srp/lit/NoOyYB/KIID_LG-Artificial-Intelligence-UCITS-ETF-Artificial-Intelligence-USD-Acc_14-02-2020_Multi-Audience.pdf
Vanguard FTSE All-World UCITS ETF - (USD) Accumulating,IE00BK5BQT80,Xetra,FTSE All World,Wereldwijd,A,0.22,Bekijk,https://api.vanguard.com/rs/gre/gls/1.3.0/documents/21709/gb
SPDR STOXX ESG,IE00BK5H8015,Euronext Amsterdam,STOXX Europa 600 ESG-X Index,Europa,AA,0.12,Bekijk,https://www.ssga.com/library-content/kiids?isin=IE00BK5H8015&documentType=kiid&country=uk&language=en_gb&ticker=zpdx-gy
WISDOMTREE BATTERY SOL,IE00BKLF1R75,Borsa Italiana S.p.A.,WisdomTree Battery Solutions TR USD,Wereldwijd,BBB,0.4,Bekijk,https://www.wisdomtree.eu/en-gb/-/media/eu-media-files/key-documents/kiids/wt/kiid-en-wisdomtree-battery-solutions-ucits-etf---usd-acc.pdf
ISHARES EMIM,IE00BKM4GZ66,Euronext Amsterdam,MSCI Emerging Markets Investable Market Index (IMI),Emerging markets,BBB,0.18,Bekijk,https://www.ishares.com/uk/individual/en/literature/kiid/kiid-ishares-core-msci-em-imi-ucits-etf-usd-acc-gb-ie00bkm4gz66-en.pdf
Xtrackers MSCI World Momentum UCITS ETF 1C,IE00BL25JP72,Xetra,MSCI World Momentum Index (USD),Wereldwijd,BBB,0.25,Bekijk,https://etf.dws.com/GBR/ENG/Download/KIID/2edf960d-243f-4768-a9d5-f5df40ce4b22/IE00BL25JP72-2019-02-19-UKB-KI-EN.pdf
RIZE SUSTAINABLE FOOD ,IE00BLRPQH31,Borsa Italiana S.p.A.,Foxberry Tem Res Sus Future NR USD,Wereldwijd,A,0.45,Bekijk,https://rizeetf.com/wp-content/uploads/2020/09/KIID-IE00BLRPQH31-Sustainable-Food-IE_LU_GB.pdf
Xtrackers MSCI World Health Care UCITS ETF 1C,IE00BM67HK77,Borsa Italiana S.p.A.,MSCI World Health Care TRN Index,Wereldwijd,A,0.25,Bekijk,https://etf.dws.com/CHE/ENG/Download/KIID/099e0ba7-4187-476f-9a4c-1d58bc107c51/IE00BM67HK77-2019-02-19-CHB-KI-EN.pdf
Xtrackers MSCI World Energy UCITS ETF 1C,IE00BM67HM91,Borsa Italiana S.p.A.,MSCI World Energy TRN Index,Wereldwijd,A,0.25,Bekijk,https://etf.dws.com/CHE/ENG/Download/KIID/ed34347e-c4ca-4cc6-a487-78b83955c7ed/IE00BM67HM91-2019-02-19-CHB-KI-EN.pdf
Xtrackers MSCI World Information Tech UCITS ETF 1C,IE00BM67HT60,Xetra,MSCI World Information Technology TRN Index,Wereldwijd,BBB,0.25,Bekijk,https://etf.dws.com/en-gb/EmeaAssetDownload/Index/fb7e0ad7-2d18-479d-9e6a-bb0edf0d66ca/KIID.pdf/
VANECK VECTOR SEMICOND,IE00BMC38736,Borsa Italiana S.p.A.,MVIS US Listed Semicond 10%Capped TR USD,Wereldwijd,-,0.35,Bekijk,https://www.vaneck.com/globalassets/home/media/managedassets/etf-Europa/library/kiids/kiid_vaneck_vectors_semiconductor_ucits_etf_uk_ie.pdf
ETF Robotics,IE00BMW3QX54,Euronext Amsterdam,ROBO Gbl Robotic&Automat TR USD,Wereldwijd,A,0.8,Bekijk,https://fundcentres.lgim.com/srp/lit/76zwdO/KIID_LG-ROBO-Global-Robotics-and-Automation-UCITS-ETF-ROBO-Global-Robotics-and-Automation-USD-Acc_17-02-2021_Multi-Audience.pdf
iShares Edge MSCI WrldMmtFactor UCITS ETF USD Acc,IE00BP3QZ825,Xetra,MSCI World Momentum Index (USD),Wereldwijd,BBB,0.3,Bekijk,https://www.blackrock.com/ch/individual/en/literature/kiid/kiid-ishares-edge-msci-world-momentum-factor-ucits-etf-usd-acc-ch-ie00bp3qz825-en.pdf
VANECK VECTORS GOLD MINERS UCITS ETF,IE00BQQP9F84,Borsa Italiana S.p.A.,NYSE Arca Gold Miners NR USD,Wereldwijd,A,0.53,Bekijk,https://www.vaneck.com/etf-Europa/library/regulatory-documents/kiid-gdx-en/
VANECK JUNIOR GOLD MINERS UCITS ETF,IE00BQQP9G91,Borsa Italiana S.p.A.,MVIS Global Junior Gold Miners NR USD,Wereldwijd,BBB,0.55,Bekijk,https://www.vaneck.com/etf-Europa/library/regulatory-documents/kiid-gdxj-en/
iShares MSCI China A UCITS ETF USD (Acc),IE00BQT3WG13,Xetra,MSCI China A Inclusion Index,China,B,0.4,Bekijk,https://www.blackrock.com/kiid/en-gb?switch=y
Invesco S&P 500 ETF,IE00BRKWGL70,Xetra,S&P 500,China & Hong-Kong,BBB,0.05,Bekijk,https://etf.invesco.com/sites/default/files/documents/IE00BRKWGL70_EN_GB_IE_LU.pdf
ISH $ TRESU 20+,IE00BSKRJZ44,London Stock Exchange (LSE),ICE U.S. Treasury 20+ Years Bond Index,Wereldwijd,A,0.07,Bekijk,https://www.blackrock.com/kiid/en-gb?switch=y
Xtrackers MSCI Emerging Markets UCITS ETF 1C,IE00BTJRMP35,Xetra,MSCI Total Return Net Emerging Markets Index,Emerging markets,BBB,0.18,Bekijk,https://etf.dws.com/LUX/ENG/Download/KIID/IE00BTJRMP35/-/MSCI-Emerging-Markets-UCITS-ETF
SPDR S&P US ENERGY SEL SECTOR UCITS ETF,IE00BWBXM492,Borsa Italiana S.p.A.,S&P Energy Select Sector Daily Capped 25/20 Index,Verenigde Staten,BBB,0.15,Bekijk,https://www.ssga.com/library-content/kiids?isin=IE00BWBXM492&documentType=kiid&country=uk&language=en_gb&ticker=zpde-gy
SPDR US TECH,IE00BWBXM948,Euronext Amsterdam,S&P Technology Select Sector Daily Capped 25/20 Index,Verenigde Staten,BBB,0.15,Bekijk,https://www.ssga.com/library-content/kiids?isin=IE00BWBXM948&documentType=kiid&country=ie&language=en_gb&ticker=zpdt-gy
Invesco S&P 500 High Div Low Vol UCITS ETF Dis,IE00BWTN6Y99,Xetra,S&P 500 Low Volatility High Dividend NTR Index,Verenigde Staten,A,0.3,Bekijk,https://www.powersharesetf.com/sites/default/files/documents/IE00BWTN6Y99_EN_UK.pdf
 iShares China CNY Bond UCITS ETF USD Dist,IE00BYPC1H27,Euronext Amsterdam,Bloomberg Barclays China + Policy Bond Index,Wereldwijd,B,0.35,Bekijk,https://www.ishares.com/uk/individual/en/literature/kiid/kiid-ishares-china-cny-bond-ucits-etf-usd-dist-gb-ie00bypc1h27-en.pdf
ETF Cyber Security,IE00BYPLS672,Euronext Amsterdam,NASDAQ ISE Cyber Security UCITS NR USD,Wereldwijd,BBB,0.75,Bekijk,https://fundcentres.lgim.com/srp/lit/Npenkw/KIID_LG-Cyber-Security-UCITS-ETF-Cyber-Security-USD-Acc_09-03-2021_Multi-Audience.pdf
SPDR Bloomberg Barclays 10+YUS Tr Bond UCITS ETF,IE00BYSZ5V04,Xetra,Bloomberg Barclays U.S. 10+ Year Treasury Bond Index,Verenigde Staten,A,0.15,Bekijk,https://www.ssga.com/library-content/kiids?isin=IE00BYSZ5V04&documentType=kiid&country=uk&language=en_gb&ticker=sppx-gy
SPDR MSCI W ENERGY,IE00BYTRR863,Euronext Amsterdam,MSCI World Energy 35/20 Capped Index,Wereldwijd,A,0.3,Bekijk,https://www.ssga.com/library-content/kiids?isin=IE00BYTRR863&documentType=kiid&country=uk&language=en_gb&ticker=wnrg-na
SPDR MSCI W HEALTH,IE00BYTRRB94,Euronext Amsterdam,MSCI World Health Care 35/20 Capped Index,Wereldwijd,A,0.3,Bekijk,https://www.ssga.com/library-content/kiids?isin=IE00BYTRRB94&documentType=kiid&country=uk&language=en_gb&ticker=whea-na
SPDR MSCI W TECH,IE00BYTRRD19,Euronext Amsterdam,MSCI World Information Technology 35/20 Capped Index,Wereldwijd,BBB,0.3,Bekijk,https://www.ssga.com/library-content/kiids?isin=IE00BYTRRD19&documentType=kiid&country=uk&language=en_gb&ticker=wtch-na
iShares NASDAQ 100 UCITS ETF USD (Acc),IE00BYVQ9F29,Xetra,Nasdaq-100,Verenigde Staten,BBB,0.36,Bekijk,https://www.ishares.com/uk/individual/en/literature/kiid/kiid-ishares-nasdaq-100-ucits-etf-eur-hedged-acc-gb-ie00byvq9f29-en.pdf
VanEck Vectors VideoGaming&eSports UCITS ETF USD A,IE00BYWQWR46,Xetra,MVIS Global Video Gaming and eSports Index,Wereldwijd,BB,0.55,Bekijk,https://www.vaneck.com/globalassets/home/media/managedassets/etf-Europa/library/kiids/kiid_vaneck_vectors_video_gaming_and_esports_ucits_etf_uk_ie.pdf
iShares Automation & Robotics UCITS ETF USD (Dist),IE00BYWZ0333,Xetra,iSTOXX FactSet Automation & Robotics Index,Wereldwijd,BBB,0.4,Bekijk,https://www.ishares.com/uk/individual/en/literature/kiid/kiid-ishares-automation-robotics-ucits-etf-usd-dist-gb-ie00bywz0333-en.pdf
iShares MSCI World SRI UCITS ETF EUR Acc,IE00BYX2JD69,Xetra,MSCI WORLD SRI Select Index,Wereldwijd,AA,0.2,Bekijk,https://www.ishares.com/uk/individual/en/literature/kiid/kiid-ishares-msci-world-sri-ucits-etf-eur-acc-gb-ie00byx2jd69-en.pdf
iShares Nasdaq US Biotechnology ETF USD Acc,IE00BYXG2H39,Xetra,Nasdaq Biotechnology Index(R) (USD),Wereldwijd,BBB,0.35,Bekijk,https://www.ishares.com/uk/individual/en/literature/kiid/kiid-ishares-nasdaq-us-biotechnology-ucits-etf-gb-ie00byxg2h39-en.pdf
iShares Automation & Robotics UCITS ETF USD (Acc),IE00BYZK4552,Xetra,iSTOXX FactSet Automation & Robotics Index,Wereldwijd,BBB,0.4,Bekijk,https://www.ishares.com/uk/professional/en/literature/kiid/kiid-ishares-automation-robotics-ucits-etf-usd-acc-gb-ie00byzk4552-en.pdf
iShares Healthcare Innovation UCITS ETF USD (Acc),IE00BYZK4776,Xetra,iSTOXX FactSet Breakthrough Healthcare Index,Wereldwijd,BBB,0.4,Bekijk,https://www.ishares.com/uk/individual/en/literature/kiid/kiid-ishares-healthcare-innovation-ucits-etf-usd-acc-gb-ie00byzk4776-en.pdf?switchLocale=y&siteEntryPassthrough=true
iShares Digitalisation UCITS ETF USD (Acc),IE00BYZK4883,Xetra,iSTOXX FactSet Digitalisation Index,Wereldwijd,BBB,0.4,Bekijk,https://www.ishares.com/uk/individual/en/literature/kiid/kiid-ishares-digitalisation-ucits-etf-usd-acc-gb-ie00byzk4883-en.pdf
Xtrackers ESG MSCI World UCITS ETF - 1C,IE00BZ02LR44,Xetra,MSCI World Low Carbon SRI Leader,Wereldwijd,AA,0.2,Bekijk,https://etf.dws.com/CHE/ENG/Download/KIID/c4651f30-b779-4061-9c83-858f0c3e4335/IE00BZ02LR44-2019-02-19-CHB-KI-EN.pdf
Xtrackers USD Corporate Bond UCITS ETF 1D,IE00BZ036J45,Xetra,BBgBarc USD Liquid IG Corporate TR USD,Wereldwijd,A,0.21,Bekijk,https://etf.dws.com/LUX/ENG/Download/KIID/IE00BZ036J45/-/USD-Corporate-Bond-UCITS-ETF
VANGUARD EURGVBD,IE00BZ163H91,Euronext Amsterdam,Bloomberg Barclays Euro Aggregate: Treasury Index,Europa,A,0.07,Bekijk,https://www.vanguardinvestor.co.uk/rs/gre/gls/1.3.0/documents/6703/gb
VANGUARD USDTRBOND,IE00BZ163M45,Euronext Amsterdam,BBgBarc Glb Agg US Treas Fl Adj TR USD,Verenigde Staten,A,0.07,Bekijk,https://www.vanguardinvestor.co.uk/rs/gre/gls/1.3.0/documents/6706/gb
WISDOMTREE GLOB QUAL DIV GROW UCITS ETF,IE00BZ56SW52,Borsa Italiana S.p.A.,WisdomTree Gbl Dev Qua Div Growth TR USD,Wereldwijd,A,0.38,Bekijk,https://www.wisdomtree.eu/en-gb/-/media/eu-media-files/key-documents/kiids/wt/kiid-en-wisdomtree-global-quality-dividend-growth---acc-ie00bz56sw52_20022017.pdf
iShares MSCI India UCITS ETF USD Acc,IE00BZCQB185,Xetra,MSCI India NR USD,India,BBB,0.65,Bekijk,https://www.ishares.com/ch/individual/en/literature/kiid/kiid-ishares-msci-india-ucits-etf-usd-acc-ch-ie00bzcqb185-en.pdf
LYXOR ETF DAX,LU0252633754,Euronext Paris,DAX Index,Europa,AA,0.15,Bekijk,https://www.lyxoretf.co.uk/en/instit/resources/documents/kiid/lyxor-dax-dr-ucits-etf-acc-capi/lu0252633754/gbp?documentLanguage=English
Xtrackers II Global Government Bond UCITS ETF 5C,LU0378818131,Xetra,FTSE World Government Bond Index - Developed Markets,Wereldwijd,A,0.25,Bekijk,https://etf.dws.com/en-lu/EmeaAssetDownload/Index/38230e94-bcd3-43e2-bcb0-5eb6228e9a46/KIID.pdf/
Xtrackers II ESG EUR Corporate Bond UCITS ETF 1C,LU0484968812,Xetra,Bloomberg Barclays MSCI Euro Corporate Sustainable and SRI Index,Europa,AA,0.16,Bekijk,https://etf.dws.com/CHE/ENG/Download/KIID/5995002a-bb8b-4144-bbd6-cd19b9041f93/LU0484968812-2019-02-18-CHB-KI-EN.pdf
ComStage NYSE Arca Gold BUGS UCITS ETF,LU0488317701,Xetra,NYSE Arca Gold Bugs Index,Wereldwijd,A,0.65,Bekijk,https://www.lyxoretf.co.uk/en/instit/resources/documents/kiid/lyxor-nyse-arca-gold-bugs-dr-ucits-etf-distrib/lu0488317701/chf?documentLanguage=English
LYXOR ETF SP500,LU0496786574,Euronext Paris,S&P 500 Total Return,Verenigde Staten,BBB,0.09,Bekijk,https://www.lyxoretf.co.uk/en/instit/resources/documents/kiid/lyxor-sp-500-ucits-etf-dist-eur-distrib/lu0496786574/eur?documentLanguage=English
Xtrackers MSCI China UCITS ETF 1C,LU0514695690,Xetra,MSCI China TR Net Daily USD Index,China & Hong-Kong,BB,0.65,Bekijk,https://etf.dws.com/en-gb/EmeaAssetDownload/Index/9e7a9eb9-bb9a-4e2a-a7d2-644606b29f59/KIID.pdf/
UBS ETF MSCI World Socially Resp UCITS (USD) Ad,LU0629459743,Xetra,MSCI World SRI Low Carbon Select 5% Issuer Capped Index,Wereldwijd,AA,0.22,Bekijk,https://www.ubs.com/2/e/kiid/KIID_LU0629459743_en_GB.pdf
UBS ETF-MSCI USA Socially Responsible U (USD)Ad,LU0629460089,Xetra,MSCI USA SRI Low Carbon Select 5% Issuer Capped Index,Verenigde Staten,AA,0.22,Bekijk,https://www.ubs.com/2/e/kiid/KIID_LU0629460089_en_GB.pdf
UBS ETF ESREUA,LU0629460675,Euronext Amsterdam,MSCI EMU SRI Low Carbon Select 5% Issuer Capped Index (Net Return),Europa,AA,0.22,Bekijk,https://www.ubs.com/2/e/kiid/KIID_LU0629460675_en_GB.pdf
Xtrackers CSI300 Swap UCITS ETF 1C,LU0779800910,Xetra,CSI 300 Total Return Net Index,China & Hong-Kong,A,0.5,Bekijk,https://etf.dws.com/GBR/ENG/Download/KIID/1c38b5a1-f138-4c57-9b5c-666bef1b364e/LU0779800910-2019-02-19-UKB-KI-EN.pdf
Xtrackers Nikkei 225 1D JPY UCITS ETF,LU0839027447,Borsa Italiana S.p.A.,Nikkei 225 Total Return Net Index,Japan,AA,0.09,Bekijk,https://etf.deutscheam.com/GBR/ENG/Download/KIID/LU0839027447/B98DR24/Nikkei-225-UCITS-ETF-(DR)
LYXOR STOXX Europa 600 (DR) UCITS ETF,LU0908500753,Borsa Italiana S.p.A.,STOXX Europa 600 (Net Return) EUR,Europa,AA,0.07,Bekijk,https://www.lyxoretf.co.uk/en/retail/resources/documents/kiid/lyxor-core-stoxx-europe-600-dr-ucits-etf-acc-capi/lu0908500753/gbp?documentLanguage=English
Xtrackers II Glbal Aggregate Bnd Swap UCITS ETF 1D,LU0942970798,Xetra,Barclays Global Aggregate Corporate Bond Index,Wereldwijd,A,0.2,Bekijk,https://etf.dws.com/CHE/ENG/Download/KIID/b47d40b7-f652-4cf1-be0d-07f5cc92412a/LU0942970798-2019-02-19-CHB-KI-EN.pdf
UBS ETF MSCI World Socially Resp UCITS (USD) Ad,LU0950674332,Xetra,MSCI World SRI Low Carbon Select 5% Issuer Capped Index,Wereldwijd,AA,0.22,Bekijk,https://www.ubs.com/2/e/kiid/KIID_LU0950674332_en_CH.pdf
UBS MSCI EM MKTS SOCIALLY RESP UCITS ETF,LU1048313891,Borsa Italiana S.p.A.,MSCI Emerging Market SRI Low Carbon Select 5% Issuer Capped Index,Emerging markets,A,0.27,Bekijk,https://www.ubs.com/2/e/kiid/KIID_LU1048313891_en_GB.pdf
Xtrackers II EUR High Yield Corp Bond UCITS ETF 1D,LU1109942653,Xetra,Markit iBoxx EUR Liquid High Yield Index,Wereldwijd,BB,0.2,Bekijk,https://etf.dws.com/CHE/ENG/Download/KIID/765ab066-1c39-4eff-81e3-92759e5d42f5/LU1109942653-2019-07-01-CHB-KI-EN.pdf
LYXOR EUROMTS 710Y,LU1287023185,Euronext Paris,MTS Mid Price InvG Ex-CNO Etrix 7-10 (EUR),Wereldwijd,A,0.165,Bekijk,https://www.lyxoretf.co.uk/en/instit/resources/documents/kiid/lyxor-euro-government-bond-710y-dr-ucits-etf-acc-capi/lu1287023185/eur?documentLanguage=English
UBS BARC USD EM MKT SOV UCITS ETF EU HED,LU1324516308,Borsa Italiana S.p.A.,Bloomberg Barclays Emerging Markets USD Sovereign & Agency 3% Country Capped hedged to GBP Index (Total Return),Wereldwijd,BB,0.47,Bekijk,https://www.ubs.com/2/e/kiid/KIID_LU1324516308_en_GB.pdf
UBS ETF BAR TIPS 1-10 EU HDG UCITS ETF,LU1459801780,Borsa Italiana S.p.A.,BBgBarc US Govt Infl Lkd 1-10Y TR USD,Verenigde Staten,A,0.2,Bekijk,https://www.ubs.com/2/e/kiid/KIID_LU1459801780_en_GB.pdf
AMUNDI ETF STOX600,LU1681040223,Euronext Paris,100% STOXX 600,Europa,BBB,0.18,Bekijk,https://www.amundietf.co.uk/retail/dl/doc/kiid/LU1681040223/ENG/GBR
AMUNDI MSCI Europa,LU1681042609,Euronext Paris,100% MSCI Europa (15),Europa,A,0.15,Bekijk,https://www.amundietf.co.uk/retail/dl/doc/kiid/LU1681042609/ENG/GBR
AMUNDI ETF MSCI WR,LU1681043599,Euronext Paris,MSCI World ex Europa,Wereldwijd,AA,0.38,Bekijk,https://www.amundietf.co.uk/retail/dl/doc/kiid/LU1681043599/ENG/GBR
AMUNDI ETF EM Azi?,LU1681044480,Euronext Paris,100% MSCI EM Azi?,Emerging markets,A,0.2,Bekijk,https://www.amundietf.co.uk/retail/dl/doc/kiid/LU1681044480/ENG/GBR
AMUNDI ETF MSCI EM,LU1681045370,Euronext Paris,100% MSCI EM (EMERGING MARKETS),Emerging markets,A,0.2,Bekijk,https://www.amundietf.co.uk/retail/dl/doc/kiid/LU1681045370/ENG/GBR
AMUNDI ETF CAC 40,LU1681046931,Euronext Paris,CAC 40,Europa,A,0.25,Bekijk,https://www.amundi.lu/retail/document/download/LU1681046931/KIID/EN
AMUNDIETF CAC40(D),LU1681047079,Euronext Paris,CAC 40,Europa,A,0.25,Bekijk,https://www.amundi.lu/retail/document/download/LU1681047079/KIID/EN
AMUNDI ETF ES50 C,LU1681047236,Euronext Paris,Euro STOXX 50,Europa,A,0.15,Bekijk,https://www.amundi.lu/retail/document/download/LU1681047236/KIID/EN
AMUNDI ETF SP 500,LU1681048804,Euronext Paris,100% S&P 500 COMPOSITE,Verenigde Staten,A,0.15,Bekijk,https://www.amundietf.co.uk/retail/dl/doc/kiid/LU1681048804/ENG/GBR
Lyxor Global Gender Equality (DR) UCITS ETF - Acc,LU1691909508,Xetra,Solactive Equileap Global Gender Equality Net Total Return Index,Europa,AA,0.2,Bekijk,https://www.lyxoretf.co.uk/en/instit/resources/documents/kiid/lyxor-global-gender-equality-dr-ucits-etf-acc-capi/lu1691909508/gbp?documentLanguage=English
LYXOR CORE MSCI WORLD ,LU1781541179,Borsa Italiana S.p.A.,MSCI World Net Total Return USD Index,Wereldwijd,A,0.12,Bekijk,https://www.lyxoretf.co.uk/en/instit/resources/documents/kiid/lyxor-core-msci-world-dr-ucits-etf-acc-capi/usd
Lyxor MSCI World ESG Trend Leaders (DR) UCITS ETF,LU1792117779,Xetra,MSCI World Select ESG Rating and Trend Leaders Net Return USD Index,Wereldwijd,AA,0.2,Bekijk,https://www.lyxoretf.co.uk/en/instit/resources/documents/kiid/lyxor-msci-world-esg-trend-leaders-dr-ucits-etf-acc-capi/usd
MULTI LY COMMO CRB,LU1829218749,Euronext Paris,Thomson Reuters/CoreCommodity CRB Total Return Index,Wereldwijd,-,0.35,Bekijk,https://www.lyxoretf.co.uk/en/instit/resources/documents/kiid/lyxor-commodities-refinitivcorecommodity-crb-tr-ucits-etf-acc-capi/lu1829218749/gbp?documentLanguage=English
MULTI NASDAQ 100,LU1829221024,Euronext Paris,NASDAQ-100 Notional Net Total Return Index,Zuid Korea,BBB,0.22,Bekijk,https://www.lyxoretf.co.uk/en/instit/resources/documents/kiid/lyxor-nasdaq100-ucits-etf-acc-capi/lu1829221024/gbp?documentLanguage=English
LYXOR STX EU BANKS,LU1834983477,Euronext Paris,STOXX Europa 600 Banks Net Return EUR,Europa,AA,0.3,Bekijk,https://www.lyxoretf.co.uk/en/instit/resources/documents/kiid/lyxor-stoxx-Europa-600-banks-ucits-etf-acc-capi/eur?documentLanguage=English
LYXOR STX EU HLTHC,LU1834986900,Euronext Paris,STOXX Europa 600 Health Care Net Return EUR,Europa,AA,0.3,Bekijk,https://www.lyxoretf.co.uk/en/instit/resources/documents/kiid/lyxor-stoxx-Europa-600-healthcare-ucits-etf-acc-capi/lu1834986900/eur?documentLanguage=English
LYXOR ST EU OILGAS,LU1834988278,Euronext Paris,STOXX Europa 600 Oil & Gas (Net Return) EUR,Europa,A,0.3,Bekijk,https://www.lyxoretf.co.uk/en/instit/resources/documents/kiid/lyxor-stoxx-Europa-600-oil-gas-ucits-etf-acc-capi/eur?documentLanguage=English
Lyxor Robotics & AI UCITS ETF - Acc,LU1838002480,Xetra,Rise of the Robots NTR Index,Verenigde Staten,AA,0.4,Bekijk,https://www.lyxoretf.nl/en/instit/resources/documents/factsheets/lyxor-msci-robotics-ai-ucits-etf-acc-capi/lu1838002480/eur?documentLanguage=English
LYXOR MSCI Brazili?,LU1900066207,Euronext Paris,MSCI Brazili? Net Total Return USD Index,Brazili?,BBB,0.65,Bekijk,https://www.lyxoretf.nl/en/retail/resources/documents/kiid/lyxor-msci-brazil-ucits-etf-acc-capi/lu1900066207/eur?documentLanguage=english
LYXOR MSCI Turkije ,LU1900067601,Euronext Paris,MSCI Turkije  Net Total Return Index,Turkije ,A,0.45,Bekijk,https://www.lyxoretf.lu/en/retail/resources/documents/kiid/lyxor-msci-turkey-ucits-etf-acc-capi/lu1900067601/eur
LYXOR ETF Rusland,LU1923627092,Euronext Paris,MSCI Rusland IMI Select GDR Net Total Return USD Index,Rusland,BBB,0.65,Bekijk,https://www.lyxoretf.co.uk/en/instit/resources/documents/kiid/lyxor-msci-Rusland-ucits-etf-acc-capi/lu1923627092/eur
LYXOR MSCI DISRU TECH ,LU2023678282,Borsa Italiana S.p.A.,MSCI ACWI IMI Dis Tech ESG Fil NR USD,Wereldwijd,BBB,0.15,Bekijk,https://www.lyxoretf.co.uk/en/instit/resources/documents/kiid/lyxor-msci-disruptive-technology-esg-filtered-dr-ucits-etf-acc-capi/lu2023678282/usd?documentLanguage=English
LYXOR MSCI FUTU MOBIL ,LU2023679090,Borsa Italiana S.p.A.,MSCI ACWI IMI Future Mob ESG Fil NR USD,Wereldwijd,BBB,0.15,Bekijk,https://www.lyxoretf.co.uk/en/instit/resources/documents/kiid/lyxor-msci-future-mobility-esg-filtered-dr-ucits-etf-acc-capi/lu2023679090/usd?documentLanguage=English
Lyxor Nasdaq-100 Ucits ETF Dis,LU2197908721,Xetra,NASDAQ 100 NR USD,Verenigde Staten,BBB,0.22,Bekijk,https://www.lyxoretf.lu/en/retail/resources/documents/kiid/lyxor-nasdaq100-ucits-etf-dist-usd-distrib/lu2197908721/eur?documentLanguage=English
VanEck AEX,NL0009272749,Euronext Amsterdam,AEX TR-index,Europa,AA,0.3,Bekijk,https://www.vaneck.com/globalassets/home/media/managedassets/etf-Europa/library/kiids/en_kiid-think-aex-ucits-etf-en.pdf
VanEck Vectors Global Real Estate UCITS ETF,NL0009690239,Euronext Amsterdam,Global Property Research (GPR) Global 100 Index,Wereldwijd,BB,0.25,Bekijk,https://www.vaneck.com/globalassets/home/media/managedassets/etf-Europa/library/kiids/en_kiid-think-tret-ucits-etf-en.pdf
VANECK SUST WORLD ETF,NL0010408704,Euronext Amsterdam,Solactive Sustainable World Equity Index GTR,Wereldwijd,AA,0.3,Bekijk,https://www.vaneck.com/globalassets/home/media/managedassets/etf-Europa/library/kiids/en_kiid-think-tswe-ucits-etf-en.pdf
VANECK MRNGSTR DV ETF,NL0011683594,Euronext Amsterdam,Morningstar Developed Markets Large Cap Dividend Leaders Index,Wereldwijd,A,0.38,Bekijk,https://www.vaneck.com/globalassets/home/media/managedassets/etf-Europa/library/kiids/en_kiid-think-tdiv-ucits-etf-en.pdf
