股票代码,股票简称,流动市值,最新价,最新涨跌幅,所属同花顺行业,行业概念,事件概念,体系概念,沪深指数,所属概念,主营产品名称
301070.SZ,开勒股份,11.2,31.84,14.697,机械设备-通用设备-其他通用设备,"储能,光伏","绿色电力,方舱医院",比亚迪,,储能;融资融券;光伏;转融券标的;方舱医院;比亚迪;绿色电力,"异步电机hvls风扇,永磁同步电机hvls风扇"
301398.SZ,星源卓镁,7.6,41.70,12.703,交运设备-汽车零部件-汽车零部件Ⅲ,新能源汽车,"新材料,专精特新",,,专精特新;转融券标的;注册制次新股;融资融券;新能源汽车;新材料;新股与次新股,"镁合金车灯散热支架,铝合金车灯散热支架,镁合金汽车座椅扶手组件,铝合金汽车扬声器壳体,铝合金汽车脚踏板骨架,镁合金电动自行车变速器箱体,铝合金短支架,圆轮装配件,锭子"
430478.BJ,峆一药业,3.8,21.60,12.266,医药生物-化学制药-原料药,,,,,新股与次新股,"抗过敏类,抗氧化类,抗血栓类,解热镇痛类,胃溃疡类,抗病毒类,紫外线吸收剂"
300943.SZ,春晖智控,15.2,15.43,11.974,机械设备-通用设备-金属制品,"新能源汽车,汽车热管理,氢能源,天然气",,,,融资融券;转融券标的;新能源汽车;氢能源;汽车热管理;天然气,"双流量电磁阀,电磁比例阀,电子气液比调节阀,拉断阀,切断阀,油气回收拉断阀,油气回收控制系统,燃气调压器,调压箱/柜,高中压调压站,城市门站,供热水路控制阀,四通阀,汽车空调热力膨胀阀,双向热力膨胀阀,凸轮轴,挺柱"
688039.SH,当虹科技,30.5,51.98,11.402,计算机-计算机应用-IT服务,"虚拟现实,信创,安防,超清视频,人脸识别,元宇宙,人工智能",专精特新,华为欧拉,,融资融券;超清视频;云计算;人工智能;人脸识别;转融券标的;虚拟现实;安防;元宇宙;web3.0;世界杯;AIGC;专精特新;信创;冬奥会;华为欧拉;虚拟数字人;IPV6,"实时转码系统,集群管理系统,直导播一体化系统,轮播系统,多画面监测报警系统,流媒体源站系统,快速内容生产系统,收录系统,离线转码系统,智能内容识别系统,媒资生产管理系统,全能播放系统,多媒体运营系统,人像基础算法服务系统,视频结构化系统,人像大数据实战平台系统,人像单兵布控系统,移动视频警务应用系统,当虹云平台,视频解决方案产品,公共安全产品,技术服务,视频直播产品,内容生产产品,互动运营产品"
300862.SZ,蓝盾光电,24.9,28.98,11.248,环保-环保-环保设备,"PPP,军工,PM2.5,传感器","节能环保,专精特新,碳中和",华为,,PM2.5;融资融券;转融券标的;PPP;智能交通;智慧城市;军工;节能环保;环境监测;碳中和;雷达;专精特新;传感器;冬奥会;华为;毫米波雷达,"lgh-01型空气质量连续自动监测系统ydzx-02型烟气排放连续监测系统,lgq-05型烟气排放连续监测系统,lgq-07型固定污染源vocs在线监测系统,lgh-01b型大气颗粒物（tsp）在线监测仪,lgh-01b型大气颗粒物（pm10）在线监测仪,lgh-01e型大气颗粒物（pm2.5）在线监测仪,微脉冲气溶胶激光雷达,双波长三通道气溶胶激光雷达,开放式ftir在线监测系统,抽取式ftir在线监测系统,便携式ftir在线监测系统,抽取式nh3分析仪,管道式hcl分析仪,lgs-202型氨氮自动监测仪,lgs-203型总磷水质在线自动监测仪,大气环境综合立体走航监测系统"
300550.SZ,和仁科技,36.4,13.92,10.916,计算机-计算机应用-软件开发,区块链,,腾讯,,互联网医疗;区块链;腾讯,"电子病历系统,临床数据中心,信息集成交换平台,门诊/住院医护工作站,病历文档系统,病历质控系统,临床路径系统,智能his系统,护理电子病历系统,移动护理/移动查房系统,医疗智能系统,医院综合资源管理系统(hrp),医院运营控制系统,远程协同医疗系统,一体化手术室系统,数字化病房系统,临床医疗管理信息系统,数字化场景应用系统,医疗信息系统,场景化应用系统"
002633.SZ,申科股份,17.3,11.61,10.047,机械设备-通用设备-金属制品,,,,,西气东输;壳资源,"轴瓦,轴承,厚壁滑动轴承,滑动轴承,dqy端盖式滑动轴承系列,zq/zqkt座式滑动轴承系列,zh动静压座式滑动轴承系列,vtbs立式推动轴承系列,1000mw/600mw/300mw轴承系列,轴承部套件,电机零部件,加工业务,配件,vtbs立式推力轴承系列"
002112.SZ,三变科技,34.0,13.15,10.042,电力设备-电力设备-输变电设备,"储能,风电,光伏",专精特新,,,智能电网;小额贷款;储能;光伏;风电;专精特新;融资融券;转融券标的;地方国企改革;国企改革;共同富裕示范区;年报预增,"干式变压器,组合变压器,油浸式变压器,变压器,核电,超高压变压器,输变电设备,油浸式电力变压器,树脂绝缘,h级浸渍干式变压器,防腐型石化专用变压器,组合式变电站,地埋式变压器,风电场组合式变压器,非晶合金变压器,单相自保护变压器,电缆分支箱,环网柜,开关柜,特种变压器油浸式变压器"
000532.SZ,华金资本,46.3,13.48,10.041,非银金融-保险及其他-多元金融,"锂电池,石墨烯,污水处理",,,,IPV6;横琴新区;重金属治理;元器件;参股新三板;独角兽;创投;石墨烯;口罩;参股券商;污水处理;澳交所;锂电池;粤港澳大湾区;地方国企改革;广东国企改革;珠海国企改革;国企改革,"污水处理,环境工程,服务与培训,电子设备,电子器件,石墨烯,水处理,科研服务,公共设施服务,投资与管理,电子器件销售,电子设备制造,电子器件制造,水质净化,电容器,锂电池生产设备,液态片式,液态插件,牛角,固态插件和片式产品,口罩机设备,医用口罩,口罩,普克鲁胺"
002197.SZ,证通电子,62.7,11.73,10.038,计算机-计算机设备-计算机设备Ⅲ,"职业教育,芯片,数据中心,数字货币,移动支付,垃圾分类,信创,机器人,节能照明,NFT,充电桩,人工智能,网络安全,区块链","东数西算（算力）,乡村振兴","腾讯,抖音,鸿蒙,华为,百度",,微信;移动金融;换芯;移动支付;网络安全;无人银行;垃圾分类;机器人;芯片;粤港澳大湾区;节能照明;二维码识别;金融IC;数字货币;乡村振兴;职业教育;数字经济;信创;鸿蒙;云计算;NFT;区块链;智慧城市;智慧政务;融资融券;转融券标的;充电桩;华为;数据中心;金融科技;人工智能;ChatGPT;百度;抖音;东数西算（算力）;腾讯;数字水印,"自助服务终端,支付产品,led及相关贸易,合同能源,电话e-pos,加密键盘,社区银行,网络安全,金融电子化设备,atm,路灯,金融电子,照明,pos机,合同能源,合同能源管理,idc业务,电子产品贸易,信号集中监测系统（csm）,铁路防灾安全监控系统,电加热道岔融雪系统设备,动力及机房环境监控系统,城市轨道交通综合监控系统（iscs）,城市轨道交通信号,维护支持系统（mss）,idc及云计算业务,云计算业务,支付产品(含云喇叭、人脸识别支付终端、金融pos、智能pos、安全支付套件、扫描终端、桌面智能终端等),税控终端,智慧网点综合服务平台,电子财税设备管理平台,城市道路照明工程,景观照明亮化工程及相关衍生工程业务"
603093.SH,南华期货,71.7,11.75,10.019,非银金融-保险及其他-多元金融,,,,"上证150,中证1000",期货,"商品期货经纪,金融期货经纪,期货投资咨询,资产管理,风险管理,境外金融服务,公募基金业务,期货经纪业务,财富管理业务,风险管理业务,境外金融服务业务,期货投资咨询业务"
603272.SH,联翔股份,5.4,20.87,10.016,轻工制造-家用轻工-其他家用轻工,,"专精特新,工业4.0",,,核准制次新股;新股与次新股;共同富裕示范区;工业4.0;电子商务;长三角一体化;专精特新,"独画刺绣墙布,循环刺绣墙布,提花墙布"
601566.SH,九牧王,54.4,9.46,10.000,纺织服装-服装家纺-服装,,,,,电子商务;融资融券;转融券标的,"男士服饰及相关饰品,男裤,服饰,商务休闲男装,茄克,衬衫,西装,t恤"
002261.SZ,拓维信息,116.6,10.45,10.000,计算机-计算机应用-软件开发,"在线教育,手机游戏,物联网,移动支付,信创,边缘计算,托育服务,机器人,大数据,国产软件,人工智能","东数西算（算力）,国产操作系统,三胎","鸿蒙,华为,华为鲲鹏","深证700,中证1000",移动支付;SNS;电子商务;电子信息;融资融券;转融券标的;动漫;大数据;边缘计算;云计算;工业互联网;手机游戏;深股通;富时罗素;国产操作系统;华为;鸿蒙;幼儿教育;SAAS;托育服务;三胎;东数西算（算力）;国产软件;智能交通;华为鲲鹏;智能制造;物联网;在线教育;人工智能;机器人;虚拟数字人;信创;智慧政务,"烟草行业系统集成及软件开发服务,无线增值及移动互联网服务,教育培训服务,教育服务,互联网产品,手机动漫,电信,网络游戏,4g,手游,博彩,移动支付,移动增值业务,移动电子商务,无线增值业务,信息传播,移动业务,电子商务,互联网业务,移动互联网业务,传统增值业务,手机游戏,移动互联网,彩票,游戏业务,游戏,手机游戏业务,系统集成,ivr运营平台,彩铃服务(crbt),第一代电信增值服务平台,电信商业智能分析系统,短信服务(sms),多媒体信息服务(mms),互动式语音应答(ivr),企业管理信息支撑系统,无线电子商务,无线应用协议(wap),现代物流及供应链管理系统,协同制造执行系统,信息化应用服务,教育服务业,手机游戏及软件云服务,校内内容及服务,拓维学堂,软件云服务,考试阅卷及测评"
603189.SH,网达软件,49.2,18.26,10.000,计算机-计算机应用-软件开发,"在线教育,虚拟现实,信创,网络直播,超清视频,元宇宙,国产软件,人工智能",国产操作系统,华为,,网络直播;超清视频;国产软件;国产操作系统;华为;上海自贸区;虚拟现实;SAAS;人工智能;虚拟数字人;元宇宙;世界杯;信创;在线教育;冬奥会;AIGC,"移动互联网多媒体运营管理系统(oms),移动终端虚拟操作系统(wrp),移动互联网多媒体运营支撑服务,移动客户端推广服务,融合媒体平台服务,数据查询门户,数据分发平台,财务信息管理系统,审计预警分析系统,集中运营管理系统,分析型客户管理系统,风险管理系统,车险智能核保,运营管理系统,移动虚拟操作系统,融合媒资平台,音视频处理系统,数字营销分析系统,oms,wrp,融合媒体,超高清视频平台,ai视频大数据平台,高新视频技术平台,多媒体云运营平台,多媒体云开发平台,融合媒体生态系统"
603908.SH,牧高笛,51.1,76.57,9.999,纺织服装-服装家纺-鞋帽及其他,体育产业,,,,体育产业;电子商务;露营经济;人民币贬值受益;融资融券;转融券标的;年报预增;共同富裕示范区,"露营帐,家庭露营帐,探险徒步帐,汽车露营帐,聚会帐,冲锋衣,羽绒服,抓绒衣,皮肤衣,t恤,功能裤,登山鞋,徒步鞋,多功能鞋,越野跑鞋,营地鞋,水陆两栖鞋,休闲鞋,沙滩鞋,睡袋,防潮垫,登山包,帽子,登山杖,鞋,服装,鞋品,装备,配件,帐篷"
001260.SZ,坤泰股份,10.5,36.42,9.997,交运设备-汽车零部件-汽车零部件Ⅲ,,,比亚迪,,核准制次新股;新股与次新股;比亚迪,"簇绒地毯,针刺地毯,汽车脚垫"
600766.SH,园城黄金,42.1,18.82,9.994,综合-综合-综合Ⅲ,黄金,,,,涉矿;小金属;黄金;壳资源;摘帽,"矿产,黄金产品,烟台华联商厦,电缆,煤炭,租赁业务,托管服务,建材"
603097.SH,江苏华辰,9.0,22.46,9.990,电力设备-电力设备-输变电设备,"储能,特高压,光伏,风电,充电桩",,,,智能电网;新股与次新股;核准制次新股;充电桩;储能;光伏;风电;雄安新区;特高压,"干式配电变压器,干式35kv级电力变压器,油浸式配电变压器,油浸式35kv配电变压器,预装式变电站,组合式变电站,预制舱式变电站,电气成套设备"
603083.SH,剑桥科技,45.9,18.07,9.982,通信-通信设备-通信终端及配件,"边缘计算,F5G,5G,物联网",新基建,华为,上证150,宽带中国;物联网;智能家居;5G;工业互联网;新基建;边缘计算;华为;融资融券;转融券标的;人民币贬值受益;F5G;年报预增;共封装光学（CPO）,"光纤接入产品,铜线接入产品,混合接入产品,企业级无线局域网产品,wlan无线营运商ap产品,运营商无线终端产品,消费类家庭无线路由产品,lte,small,cell,家庭云中心（hcc）,基本型智能家庭网关,高端智能家庭网关,增强型智能家庭网关,工业ap,wi-fi工卡,wi-fi标签,ar系列敏捷网关,ar系列路由器,工业以太网交换机,物联网网关,工厂物流agv,工厂无线通信和定位系统,生产设备状态监控系统,wms仓储管理和jit供料与追溯系统,mes制造执行系统,基础硬件,软件平台和整体解决方案,pon,领域产品,4g/5g移动通信小基站,工业温档5g无线网络前传光模块灰光25gduplex及bidi模块,彩光cwdm6,mwdm12,lwdm12"
603211.SH,晋拓股份,13.6,19.95,9.978,交运设备-汽车零部件-汽车零部件Ⅲ,"新能源汽车,机器人",专精特新,比亚迪,,核准制次新股;新股与次新股;新能源汽车;机器人;智能家居;专精特新;蔚来汽车;长三角一体化;比亚迪;毫米波雷达,"减震系列,安全带部件,真空泵,滤清器部件,变速箱壳体,导轮,阀板,电机系统,电控系统,热交换系统,三角架,马达端盖,空调压缩机,机器人关节,马达电机,液压控制系统,精密衡器,微波放大器,基站放大器,滤波器"
872808.BJ,曙光数创,10.5,40.59,9.555,计算机-计算机设备-计算机设备Ⅲ,"大数据,数据中心","东数西算（算力）,专精特新,碳中和",,,数据中心;中科院系;专精特新;大数据;碳中和;央企国企改革;新股与次新股;东数西算（算力）,"全浸式液冷系统,冷板式液冷系统,数据中心风冷,数据中心配套设备,服务,浸没相变液冷数据中心基础设施产品,冷板液冷数据中心基础设施产品,模块化数据中心产品"
300394.SZ,天孚通信,148.7,41.71,8.563,通信-通信设备-通信网络设备及器件,5G,专精特新,华为,"深证700,中证1000,创业300",光纤;宽带中国;5G;融资融券;华为;深股通;转融券标的;富时罗素;富时罗素;专精特新;共封装光学（CPO）,"光纤适配器,光收发接口组件,陶瓷套管,陶瓷套筒,光收发组件,osa,odm高速率光器件,光隔离器,mpo高密度线缆连接器,光纤透镜（fiber lens）,光学镀膜,插芯,隔离器,高密度线缆连接器,高速率osa光器件"
603019.SH,中科曙光,458.0,31.57,8.525,计算机-计算机设备-计算机设备Ⅲ,"芯片,数据中心,信创,边缘计算,量子科技,大数据,国产软件,人工智能,网络安全,区块链","东数西算（算力）,国产操作系统",腾讯,"沪深300,上证180",腾讯;透明计算;虚拟机器人;雄安新区;沪股通;AI芯片;云计算;芯片;参股新三板;人工智能;超级计算机;网络安全;创投;融资融券;大数据;边缘计算;VPN;中科院系;转融券标的;GPU;寒武纪;数据中心;富时罗素;富时罗素;标普道琼斯A股;量子科技;数字孪生;东数西算（算力）;工业互联网;区块链;智慧城市;国产操作系统;国产软件;信创;央企国企改革;中字头股票;web3.0;国企改革,"曙光5000系列,个人高性能计算机(phpc),gpu高性能计算机(ghpc),刀片服务器系列,塔式,机架式服务器,磁盘阵列产品,备份存储产品,曙光并行存储系统parastor,高密度存储服务器,gridview标准版,gridview企业版,gridviewhpc版,gridview数据中心版,cloudview云计算管理系统,powerconf服务器能耗管理系统,clusquota集群充值计费系统,clusviz远程可视化系统,clusnap集群容错系统,曙光星云,高端计算机,存储产品,软件开发,系统集成及技术服务"
688777.SH,中控技术,312.3,95.16,7.903,机械设备-自动化设备-工控设备,信创,工业4.0,,"上证380,科创50,中证500",融资融券;转融券标的;工业4.0;工业互联网;智能制造;沪股通;信创,"jx-300xp,ecs-700,tcs-900,gcs,g5,g3,实时数据库esp-isys,先进控制与优化系列软件apc-suite（含ssrto）,制造执行系统mes-suite,仿真培训软件vxots,直行程控制阀,角行程控制阀,压力变送器,安全栅,控制系统,仪表,软件,自动化仪表,工业化软件,运维服务,s2b平台业务"
600280.SH,中央商场,37.3,3.31,7.818,商贸零售-零售-百货零售,预制菜,新零售,,,电子商务;移动购物;商超百货;便利店;新零售;富时罗素;预制菜,"房地产,旅游服务,商品零售,超市,百货业务,百货,百货零售,商业地产,服务,房地产开发"
688365.SH,光云科技,21.2,12.47,7.593,计算机-计算机应用-IT服务,"人工智能,国产软件",,"拼多多,抖音,阿里巴巴",,融资融券;转融券标的;国产软件;阿里巴巴;电子商务;人工智能;抖音;拼多多;SAAS;云办公;云计算;数字经济;ChatGPT,"超级店长,快递助手,超级快车,旺店系列,快麦电子面单打印机,运营服务,crm短信,快麦erp,快麦设计,有成crm,有成财务,番茄表单,saas产品,配套硬件,chatgpt"
002929.SZ,润建股份,78.4,48.89,7.545,通信-通信服务-通信服务Ⅲ,"电力物联网,数据中心,虚拟现实,无人机,虚拟电厂,储能,边缘计算,光伏,大数据,5G,信创,区块链",,华为,"深证700,中证1000",雄安新区;边缘计算;电力物联网;大数据;区块链;数据中心;工业互联网;无人机;网络切片;云计算;标普道琼斯A股;光伏;深股通;5G;储能;华为;虚拟现实;虚拟电厂;信创,"通信网络建设服务,通信网络维护服务,通信网络优化服务,通信网络维护与优化服务,行业数字化业务,电力与新能源业务,云服务与idc服务,通信网络管维,能源网络管维,idc服务"
300976.SZ,达瑞电子,21.5,57.79,7.476,电子-消费电子-消费电子零部件及组装,"虚拟现实,消费电子,汽车电子",,"小米,苹果,特斯拉,华为",,汽车电子;特斯拉;虚拟现实;苹果;消费电子;华为;融资融券;转融券标的;小米,"手机用功能性器件,电脑用功能性器件,可穿戴电子产品及其他功能性器件,头戴耳机类结构性器件,vr眼镜类结构性器件,其他结构性器件,贴合类设备,aoi检测类设备,vr,眼镜类结构性器件,眼镜收纳盒,耳机收纳盒,智能音箱包布,无线充电器包布,fpc/手机主板高速贴合机,手机壳高速贴合机,元器件高速贴装机,psa,aoi检测机"
300397.SZ,天和防务,48.7,12.15,7.427,国防军工-国防军工-军工电子,"芯片,通用航空,安防,大数据,军工,机器人,无人驾驶,5G","东数西算（算力）,军民融合",华为,"深证700,中证1000,创业300",超材料;军民融合;雷达;通用航空;安防;军工;华为;芯片;转融券标的;5G;机器人;无人驾驶;融资融券;大数据;东数西算（算力）,"电子产品贸易,其他雷达系列,技术开发,便携式防空导弹指挥系统系列产品,便携式防空导弹指挥系统,通讯,便携式防空导弹指,挥系统系列产品,电子元器件,民品贸易,技术开发及其他,雷达系列,近程防空装备,战场环境和军民融合大数据,训保管装备,军用海洋防务装备,智能巡飞打击系统,水下探测系统,立体海防系统,核心研发地面侦察监视雷达,光电探测设备,侦察指挥车,智慧哨兵,太赫兹安检设备,反无人机系统,综合电子,基本型/增强型/应急型飞行服务站,移动塔台指挥车,机场场面监视雷达,5g通信电子器件与部件,基于太赫兹技术的芯片,军用铁氧体以及软件信息化系统,水下无人自主航行器（auv）系列产品,投弃式温深探测系统（xbt）,主被动声呐,转让及其他,海洋系列产品,房屋租赁及其他服务业,通用航空系列,智慧安防系列"
688314.SH,康拓医疗,14.6,57.00,7.426,医药生物-医疗器械-医疗耗材,"牙科医疗,医疗器械",,,,医疗器械;牙科医疗;融资融券;转融券标的,"peek骨板,peek链接片,钛网板,钛链接片,钛螺钉,钛颅骨锁,鹰爪胸骨固定器,peek胸骨固定带,肋骨接骨板,外科疝修补补片,神经脊柱产品,钛及钛合金人工牙种植体,椎板固定板,一次性使用脑科引流装置,植入工具"
601606.SH,长城军工,105.1,14.51,7.402,国防军工-国防军工-地面兵装,"新能源汽车,军工",,,中证1000,融资融券;转融券标的;新能源汽车;军工;阅兵;地方国企改革;安徽国企改革;国企改革,"迫击炮弹,光电对抗系列,单兵火箭,引信,子弹药,火工品,预应力锚具,其他机械加工件,迫击炮弹系列,单兵火箭系列,反坦克导弹系列,引信系列,子弹药系列,火工品系列,预应力锚固系列,高铁和城市轨道减振器等零部件（铸件）,汽车空调压缩机等汽车零部件系列,塑料包装件系列"
002229.SZ,鸿博股份,78.9,16.00,7.311,轻工制造-包装印刷-印刷,"人工智能,体育产业,区块链,元宇宙",东数西算（算力）,,,人民币升值;融资融券;转融券标的;区块链;金融IC;体育产业;互联网彩票;人工智能;世界杯;web3.0;数字经济;云计算;东数西算（算力）;AIGC;ChatGPT;数字水印;元宇宙;虚拟数字人,"包装办公用纸,代销费,彩票印刷,标签,包装印刷,票证产品,彩票,手游,博彩,网络彩票,智能标签,票据印刷,印刷业务,ic卡,印刷包装,金融ic卡,彩票业务,手机游戏,照明,彩乐乐网,代销费及其他,体彩福彩热敏纸票证,体彩即开型彩票,彩票游戏,普通税务发票,证书证件,书刊以及高档酒盒,物联网系统开发,各类新型彩票游戏以及通过手机客户端及网络在线销售电,子彩票"
000815.SZ,美利云,105.7,15.20,7.269,轻工制造-造纸-造纸Ⅲ,"锂电池,数据中心,光伏","东数西算（算力）,国资云",华为,,涉矿;循环经济;人民币升值;造纸转暖;云计算;双胶纸;数据中心;富时罗素;富时罗素;东数西算（算力）;国资云;光伏;诚通系;华为;联想;融资融券;转融券标的;锂电池;地方国企改革;央企国企改革;国企改革,"胶版纸,书写纸,箱板纸,安装,建筑,板纸,中高档文化用纸及板纸,中高档文化用纸,特种纸,白卡,白卡纸,彩色纸,文化纸,高强瓦楞纸,互联网数据中心（idc）业务收入,云板块,光伏发电,云业务"
300448.SZ,浩云科技,28.3,5.93,7.233,计算机-计算机应用-IT服务,"芯片,物联网,边缘计算,安防,食品安全,ETC,机器视觉,国产软件,人工智能,区块链",,华为,,智能医疗;智能交通;物联网;边缘计算;国产软件;ETC;区块链;食品安全;芯片;人工智能;华为;安防;机器视觉;创投,"金融出入口控制系统,自助银行智能安防系统,银行安放综合联网管理系统结构图,atm智能预警系统,高清摄像机,宽动态针孔摄像机,门禁控制器,金库守护神,指纹机,拾音器,ip网络语音对讲系统,营业网点音视频监控系统,智能视频设备,出入口控制设备,数字语音设备,安防辅助器材,平安城市运营服务,安防系统,安防设备,物联网平台建设及解决方案,物联设备及软件销售,uwb产品及解决方案,租赁收入"
603879.SH,永悦科技,25.3,7.05,7.143,基础化工-化工合成材料-合成树脂,无人机,,,,贸易战受益股;股权转让;无人机,"不饱和聚酯树脂,聚氨酯,可发性聚苯乙烯"
300965.SZ,恒宇信通,8.7,53.20,7.129,国防军工-国防军工-航空装备,"无人机,军工,通用航空,卫星导航",,,,军工;无人机;卫星导航;通用航空;融资融券;转融券标的,"运输直升机综合显控设备,通用直升机综合显控设备,技术服务,运输直升机显控设备,通用及其他直升机显控设备,机载多功能显示控制设备,嵌入式计算机模块"
688279.SH,峰岹科技,21.9,99.52,7.011,电子-半导体及元件-集成电路设计,"新能源汽车,芯片",,,,芯片;融资融券;科创次新股;新股与次新股;转融券标的;新能源汽车,"电机主控芯片mcu/asic,电机驱动芯片hvic,电机专用功率器件mosfet"
603698.SH,航天工程,92.6,17.28,6.997,机械设备-专用设备-能源及重型设备,"煤化工,军工,氢能源","节能环保,碳中和",,,节能环保;煤化工;军工;融资融券;转融券标的;碳中和;氢能源;央企国企改革;国企改革,"设计,专利技术实施许可,工程建设,技术服务,专利专有及通用设备,工程设计,维修,专利专有及通用设备销售,设计与咨询"
000034.SZ,神州数码,148.2,27.01,6.843,计算机-计算机应用-IT服务,"物联网,边缘计算,信创,网络安全,区块链",东数西算（算力）,"华为,阿里巴巴","深证700,中证1000",网络安全;深股通;云计算;物联网;数字孪生;边缘计算;融资融券;转融券标的;区块链;标普道琼斯A股;数字中国;华为;东数西算（算力）;阿里巴巴;信创;ChatGPT;年报预增,"物业管理及出租,房地产,保险柜,电话机,移动办公设备,笔记本电脑,显示设备,服务器,储存设备,网络设备,计算机配件,消费电子分销业务,企业it产品分销业务,消费电子业务,企业增值业务,自主品牌,云服务,云管理服务（msp）,数字化解决方案（isv）,视频云产品和服务,超算中心云上服务,信息技术应用创新业务"
301336.SZ,趣睡科技,5.2,52.12,6.760,轻工制造-家用轻工-家具,,,小米,,融资融券;转融券标的;小米;新股与次新股;注册制次新股;智能家居;露营经济,"乳胶床垫,记忆绵床垫,黄麻床垫,弹簧床垫,零度绵床垫,真皮电动沙发,布艺沙发,真皮沙发,科技布“全面皮”沙发,懒人沙发,软床,沙发床,实木床,实木茶几,实木组合柜,实木餐桌椅,实木床头柜,智能电动床,岩板餐桌,乳胶睡枕,记忆绵睡枕,纤维枕,软管助眠枕,鹅绒被,羊毛被,床褥,四件套,枕套,床垫保护垫,毯子,遮光窗帘,坐垫,护颈枕,腰靠,眼罩"
603859.SH,能科科技,63.3,38.01,6.680,计算机-计算机应用-IT服务,"军工,大飞机,充电桩","军民融合,工业4.0",华为,上证150,工业互联网;工业4.0;军民融合;军工;华为;能源互联网;数字孪生;智能制造;大飞机;轨道交通;数字经济;充电桩,"工业电气节能系统集成,能源管理系统平台,电动汽车智能充电系统集成,智能制造系统集成,智能制造业务,智能电气业务,智能制造,智能电气"
600100.SH,同方股份,175.5,5.92,6.667,计算机-计算机设备-计算机设备Ⅲ,"在线教育,物联网,移动支付,信创,安防,机器人,军工,大数据,节能照明,土壤修复,人工智能,网络安全,PPP,区块链","养老,国产操作系统",华为,中证1000,智能家居;癌症定量检测;军工;安防;物联网;电子书;太赫兹;参股新三板;电子信息;数字电视;量子霍尔;节能照明;电子标签;养老;融资融券;转融券标的;物联网感知层;网络安全;电子车牌;云计算;PPP;创投;移动支付;海绵城市;国产操作系统;参股券商;互联网保险;富时罗素;紫光系;智慧城市;在线教育;北交所;土壤修复;区块链;数字经济;信创;机器人;大数据;地方国企改革;央企国企改革;国企改革;人工智能;华为,"接触式/非接触式cpu卡芯片,rfid芯片,第二代居民身份证芯片,数字电视,高亮度led,元器件,物联网,安防业务,计算机,多媒体业务,平板电脑,平板,电子元器件,石墨烯,芯片业务,硬件终端产业,互联网内容服务,智能建筑,轨道交通智能化,城市热网,国防军工,建筑节能,工业节能,半导体照明,水务,互联网服务与终端,云计算和大数据,公共安全,节能环保,科技园区,总部投资及科技园,cnki知识数据产品,安防安检设备,科工装备,城市节能智慧化,大数据应用,照明,消费类电子设备"
603131.SH,上海沪工,43.5,13.67,6.547,机械设备-通用设备-其他通用设备,"新能源汽车,机器人,军工,海工装备,卫星导航","专精特新,工业4.0",,,工业4.0;新能源汽车;工业机器人;军工;机器人;长三角一体化;海工装备;卫星导航;专精特新,"手工弧焊机,气体保护焊机,氩弧焊机,埋弧焊机,等离子切割机,（火焰）数控切割设备,焊接专机,焊接（切割）机器人,弧焊设备,机器人及自动化焊接(切割)成套设备,附件及零配件,钢材料,军用飞机,民用飞机,航空发动机,航空航天器特种材料,工业机器人及配件,机械设备安装,机器人焊接(切割)系统,激光焊接(切割)设备,大型专机"
300344.SZ,立方数科,39.6,6.19,6.540,计算机-计算机应用-软件开发,"在线教育,数据安全,光伏建筑一体化,国产软件",东数西算（算力）,,,云计算;创业板重组松绑;国产软件;股权转让;东数西算（算力）;光伏建筑一体化;智慧城市;在线教育;数字经济;数字孪生;数据安全,"配套防水业务,太空板销售及安装,太空板,太空板销售及安装业务,轻质建材,建筑节能,工业建筑,新材料,建材,软件销售,技术服务,课程培训及相关服务,软硬件销售技术服务,工程数字化服务"
603518.SH,锦泓集团,32.0,9.22,6.467,纺织服装-服装家纺-服装,网络直播,"新零售,三胎",抖音,上证150,新零售;电子商务;三胎;露营经济;网络直播;抖音,"裙子,外套,首饰,包,上衣,云锦工艺品,云锦面料,云锦服饰,vgrass-裙子,vgrass-上衣,vgrass-外套,云锦-织锦,teenieweenie-男装,teenieweenie-女装,teenieweenie-童装,teenieweenie-咖啡"
301041.SZ,金百泽,11.1,21.60,6.456,电子-半导体及元件-印制电路板,"职业教育,特高压,柔性直流输电,军工,5G,汽车电子,信创,PCB",专精特新,,,5G;特高压;专精特新;职业教育;柔性直流输电;军工;PCB;融资融券;转融券标的;汽车电子;人力资源服务;信创;毫米波雷达,"高多层电路板,hdi板,刚挠结合板,高频板,金属基板,厚铜电路板,smt,tht插装与焊接,微组装,工业防护及测试服务,bom优化,元器件选型,采购和技术支持服务,方案设计,高速pcb设计,仿真设计,emc设计与优化"
603036.SH,如通股份,26.0,12.61,6.414,机械设备-专用设备-能源及重型设备,,"俄乌冲突,一带一路",,,油气装备;一带一路;机械装备;油品改革;俄乌冲突,"提升设备,卡持设备,旋扣设备"
300561.SZ,汇金科技,20.3,11.21,6.256,计算机-计算机应用-软件开发,"物联网,信创,人脸识别,国产软件,人工智能,区块链",,,,人工智能;物联网;无人银行;国产软件;横琴新区;融资融券;区块链;转融券标的;人脸识别;金融科技;信创,"动态密码锁,密码生成主机,pda,智能钥匙等及管理软件,嵌入式软件,卡封信息数据片,管理锁,柜员锁等及管理软件,智能款箱,pda等及管理软件,印控仪及管理软件,银行自助设备现金管理系统,银行现金流转内控系统,银行印章管理系统,银行支付系统人脸,语音识别及安全解决方案,银行移动金融解决方案"
300546.SZ,雄帝科技,26.2,26.80,5.971,计算机-计算机设备-计算机设备Ⅲ,"网约车,数字货币,人脸识别,人工智能,网络安全",专精特新,蚂蚁金服,,金融科技;交通一卡通;网络安全;无人银行;蚂蚁金服;人工智能;人脸识别;二维码识别;数字中国;数字货币;网约车;专精特新;电子车牌;数字孪生;智慧政务;电子身份证;智慧城市;冬奥会;年报预增,"安全证件制作发行设备,轨道交通afc/acc票务系统及相关设备,手机sim卡制作发行设备和通用型ic卡制作发行设备,一卡通整体解决系统,数卡机,洗卡机,卡片,防伪膜,制作发行设备,受理应用设备,其他辅助设备,运营和服务,身份识别与管理,智慧交通,智能化产品与服务,身份识别与智能化应用"
603848.SH,好太太,71.5,17.84,5.938,轻工制造-家用轻工-家具,,,阿里巴巴,,电子商务;智能家居;阿里巴巴;标普道琼斯A股,"晾衣架配件,铝梯产品,干衣机,智能垃圾桶,晾衣架,晾衣架产品,智能家居产品,智能晾衣机,智能锁,智能窗帘,电热毛巾架,智能面板,开关,浴霸,控制系统,各系列晾晒产品"
603307.SH,扬州金泉,12.8,76.20,5.833,纺织服装-服装家纺-鞋帽及其他,,,,,露营经济;核准制次新股;年报预增;新股与次新股;人民币贬值受益,"帐篷,睡袋,户外服装,背包"
600435.SH,北方导航,192.0,12.89,5.829,国防军工-国防军工-地面兵装,"无人机,军工,卫星导航","高端装备,国产航母",,"上证380,中证500",遥感技术;无人机;高端装备;融资融券;转融券标的;军工;国产航母;中兵系;富时罗素;沪股通;卫星导航;证金持股;地方国企改革;央企国企改革;国企改革,"纺织服装设备,化工能源,军民两用产品,北斗导航,航母,卫星导航,防务,军用机器人,液化气,防务产品,专用车,导航控制,弹药信息化系统,短波电台,卫星通信系统,军用电连接器等领域的整机,核心部组件,改装专用车,可移动货柜,短波电台和卫星通信系统,核心部件"
300459.SZ,汤姆猫,149.7,4.99,5.720,传媒-传媒-游戏,"虚拟现实,手机游戏,文化传媒,托育服务,大数据,元宇宙,NFT,人工智能,区块链",知识产权保护,"鸿蒙,阿里巴巴,快手,华为,抖音","深证700,中证1000,创业300",幼儿教育;IP;深股通;人工智能;大数据;广告营销;文化传媒;阿里巴巴;手机游戏;知识产权保护;增强现实;区块链;VR游戏;虚拟现实;云游戏;华为;网红经济;影视娱乐;富时罗素;MSCI;动漫;快手;富时罗素;NFT;元宇宙;托育服务;facebook;抖音;鸿蒙;脑科学;人脑工程;融资融券;转融券标的;AIGC;ChatGPT,"taed,双氧水,醋酸钠,spc,双氧水,spc系列,taed系列,tc系列,二-乙基蒽醌,醋酸钠系列,双氧水系列,二氧化碳系列,文化娱乐产业投资,信息技术与服务,ip版权,信息技术,移动互联网应用研发,发行运营,互联网广告,ip开发与运营,室内主题乐园建设,新商业服务业务,授权业务,媒体影视业务,二乙基蒽醌"
603100.SH,川仪股份,148.6,37.99,5.675,机械设备-仪器仪表-仪器仪表Ⅲ,"核电,物联网","高端装备,碳中和,国产替代",,,核电;高端装备;物联网感知层;物联网;工业互联网;碳中和;国产替代;融资融券;转融券标的;地方国企改革;国企改革;重庆国企改革,"智能变送器,智能调节阀,智能流量仪表,温度仪表,控制设备及装置,分析仪器,系统集成,总包服务,复合材料,电子器件,智能执行机构,系统集成及总包服务,工业自动化仪表及装置,分析仪器和系统集成及总包服务"
603165.SH,荣晟环保,39.5,14.18,5.663,轻工制造-造纸-造纸Ⅲ,"芯片,光伏,污水处理",节能环保,,,环保包装;纸浆;长三角一体化;芯片;富时罗素;标普道琼斯A股;富时罗素;污水处理;光伏;节能环保;参股银行,"牛皮箱板纸,瓦楞原纸,高密度纸板,瓦楞纸板,瓦楞纸箱,蒸汽,高强瓦楞原纸,纸箱,原纸"
688256.SH,寒武纪,213.0,87.93,5.660,电子-半导体及元件-集成电路设计,"人工智能,芯片,先进封装（Chiplet）,边缘计算","东数西算（算力）,国产操作系统",阿里巴巴,"科创50,中证500",融资融券;转融券标的;芯片;人工智能;阿里巴巴;国产操作系统;边缘计算;MSCI;东数西算（算力）;先进封装（Chiplet）,"寒武纪1a处理器,寒武纪1h处理器,寒武纪1m处理器,思元100（mlu100）芯片及云端智能加速卡,思元270（mlu270）芯片及云端智能加速卡,思元290（mlu290）芯片及云端智能加速卡,思元220（mlu220）芯片及云端智能加速卡,cambricon,neuware软件开发平台（适用于公司所有芯片与处理器产品）,思元220（mlu220）芯片及边缘智能加速卡,neuware软件开发平台"
300533.SZ,冰川网络,38.1,35.81,5.634,传媒-传媒-游戏,"网络游戏,手机游戏",,,,网络游戏;手机游戏,"《远征ol》,《龙武》,《远征ol》和《龙武》,远征ol,龙武,不败传说,远征手游,龙武手游"
300034.SZ,钢研高纳,203.4,44.90,5.622,国防军工-国防军工-航空装备,"航空发动机,核电,特钢,大飞机,军工","军民融合,新材料",,"深证700,中证1000,创业300",航空航天;轻型合金;航空发动机;央视财经50;4D打印;核电;融资融券;转融券标的;新材料;特钢;军工;军民融合;大飞机;深股通;富时罗素;富时罗素;央企国企改革;地方国企改革;国企改革,"变形高温合金,新型高温合金,铸造高温合金,新材料,发动机,高温合金材料,高端高温合金,航空,民品,高温合金,航空发动机,飞机,大飞机,发动机精铸件,航空发动机盘锻件,汽轮机涡轮盘,防护片,高温合金精铸件,切断刀,高温母合金,高温合金离心铸管,静态铸件,高温合金离心铸管及静态铸件"
001336.SZ,楚环科技,6.3,31.51,5.597,环保-环保-环保设备,,"节能环保,专精特新,碳中和",,,核准制次新股;新股与次新股;共同富裕示范区;节能环保;碳中和;专精特新,"生物除臭设备,离子除臭设备,水处理设备和设备维修服务"
300229.SZ,拓尔思,178.3,23.23,5.447,计算机-计算机应用-软件开发,"数据中心,信创,大数据,军工,数据安全,元宇宙,人工智能,网络安全","知识产权保护,国资云,军民融合,乡村振兴,东数西算（算力）,专精特新","腾讯,华为","深证700,中证1000,创业300",反恐;大数据反恐;网络安全;SNS;腾讯;人工智能;大数据;智慧党建;超级计算机;电子信息;虚拟机器人;云计算;知识产权保护;互联网金融;军民融合;军工;金融科技;深股通;融媒体;虚拟数字人;元宇宙;数据安全;东数西算（算力）;数据中心;数字经济;国资云;IPV6;华为;电子身份证;智慧政务;乡村振兴;专精特新;信创;融资融券;转融券标的;web3.0;AIGC;世界杯;ChatGPT,"技术服务业务,信息服务,企业搜索,应用软件,软件安全产品,大数据,信息安全,云计算,网络安全,软件服务,软件,信息技术,智能分析,数据处理,大数据应用,武器装备,安全产品,媒介代理,云和数据服务,房产,软件产品,大数据软件产品及服务,人工智能软件产品及服务,系统集成及其他"
600780.SH,通宝能源,98.9,8.63,5.372,公用事业-电力-火电,,,,,融资融券;转融券标的;证金持股;山西国企改革;地方国企改革;国企改革;年报预增,"热力,燃气,电力,煤炭,火电,配电业务,供热"
300591.SZ,万里马,18.1,5.89,5.367,纺织服装-服装家纺-鞋帽及其他,"军工,跨境电商,网络直播",,,,电子商务;军工;阅兵;创业板重组松绑;网红经济;网络直播;跨境电商,"手袋,钱包,拉杆箱,皮带及配件,皮鞋,鞋,皮带,鞋品"
688081.SH,兴图新科,12.1,24.15,5.321,国防军工-国防军工-军工电子,军工,,,,融资融券;转融券标的;军工,"网络化视频指挥系统,显控系统,视频点播系统,监狱安防集成应急指挥,多媒体协同交互,便携式微型投影仪,指挥控制-网络化视频指挥系统,指挥控制-视频会议系统,指挥控制-视频点播系统,显示控制-集中式显控系统,显示控制-分布式显控系统,云联邦项目及与未来云视系统,服务保障"
688506.SH,百利天恒,25.0,75.65,5.230,医药生物-化学制药-化学制剂,,,,,转融券标的;中医药;创新药;新股与次新股;科创次新股;融资融券,"丙泊酚中/长链脂肪乳注射液,丙泊酚乳状注射液,盐酸右美托咪定注射液,中/长链脂肪乳注射液,利巴韦林颗粒,奥硝唑胶囊,消旋卡多曲颗粒,葡萄糖电解质泡腾片,黄芪颗粒,柴黄颗粒,其他中成药制剂"
300985.SZ,致远新能,9.1,24.95,5.186,机械设备-通用设备-金属制品,"燃料电池,新能源汽车,氢能源,天然气",,,,氢能源;天然气;融资融券;燃料电池;新能源汽车;转融券标的,"单瓶后背式lng供气系统(容积375l、500l、950l、995l、1000l、1350l),双瓶后背式lng供气系统(330l×2、450l×2),集成式侧挂lng供气系统(450l),分体式侧挂lng供气系统(450l),单腔贮气筒(15l、25l、30l),双腔贮气筒(35l、45l)"
002535.SZ,ST林重,18.6,3.26,5.161,机械设备-专用设备-能源及重型设备,"储能,锂电池,安防,机器人,军工,燃料电池,卫星导航,页岩气","高端装备,国产替代",,,卫星导航;高端装备;油气开采;机器人;安防;页岩气;锂电制造;工业机器人;融资租赁;供应链金融;燃料电池;ST板块;国产替代;储能;锂电池;军工,"刮板机,柱子,掘进机,生铁及铁精粉,矿建工程服务,液压支架,刮板输送机,支架,工业机器人,页岩气技术服务,工业机器人研发,机器人,煤炭机械设备,煤炭综采设备,煤炭装备,煤炭综采机械设备,煤机装备,刮板运输机,煤机成套装备,采掘装备,采掘类设备,采煤机,铁矿,煤机,煤炭服务,煤矿服务,智能机器人,安防业务,油服,油气装备,油气,其他产品,耐磨复合钢板,电子电源,转载机,破碎机,单体支柱,液力耦合器,刮板,销排,生铁,军工产品系列"
300424.SZ,航新科技,33.9,14.19,5.111,国防军工-国防军工-航空装备,"无人机,虚拟现实,通用航空,大飞机,大数据,军工",,,,航空航天;通用航空;军工;无人机;大飞机;虚拟现实;大数据;成飞,"飞参系统配套设备,自动测试设备,机载机械维修服务,机载电子设备维修,飞行参数记录系统,飞机,设备研制及保障,航空维修及服务,飞行参数及语音记录系统,综合数据采集与信息处理系统,振动监测系统和飞行数据打印机,专用测试设备,综合测试设备,原位检测设备,通用检查设备及测试程序集,数据链,tcas（空中交通防撞系统）,egpws（增强型近地告警系统）,应答机系统,甚高频电台和应急电台加装,通航及民航飞机维修服务"
301085.SZ,亚康股份,12.3,38.73,5.102,计算机-计算机应用-IT服务,"大数据,数据中心",东数西算（算力）,"腾讯,百度,阿里巴巴,华为,抖音",,阿里巴巴;大数据;数据中心;腾讯;华为;智慧政务;融资融券;数字经济;东数西算（算力）;抖音;转融券标的;百度;滴滴,"it设备销售,驻场运维服务,售后维保服务,交付实施服务"
601798.SH,蓝科高新,28.6,8.08,5.072,机械设备-专用设备-能源及重型设备,"氢能源,储能,光热发电,海工装备,页岩气","俄乌冲突,一带一路,专精特新,碳中和",,,页岩气;兰新白试验区;LNG动力船;央企控股;海工装备;油品升级;碳中和;专精特新;氢能源;俄乌冲突;储能;光热发电;一带一路;油气开采;地方国企改革;央企国企改革;国企改革,"空冷器,石油钻采设备,油套管生产线成套技术及设备,板式空冷器,石油钻采,气,大型板壳式换热器,油,压力容器(塔器、储存容器、反应容器、换热设备),球罐,石化装备,换热器,检测业务,lng,储罐,板壳式换热器,石化节能装备,板式冷却器,石化换热器,石油化工装备,石化设备,钻采设备,压力容器（塔器、储存容器、反应容器、换热设备）,热交换技术产品,球罐及容器技术产品,分离技术产品,检测分析技术产品,钻采设备技术产品,原油生产分离处理设备,纤维液膜分离技术及成套设置,膜分离技术及产品,塔器,容器,石油钻采技术设备,检验检测服务,裸容器,科技产品,分离技术设备,球罐及容器技术设备"
600666.SH,*ST瑞德,55.2,2.28,5.069,电子-光学光电子-面板,"蓝宝石,OLED",高端装备,,,高端装备;MERS;医疗改革;3D玻璃;OLED;黑龙江自贸区;ST板块;蓝宝石,"蓝宝石晶片,蓝宝石晶块,单晶炉,合剂,片剂,输液,粉针,针剂,酊,蓝宝石晶棒,大中客,普药,消费电子,晶块,晶条及蓝宝石制品,蓝宝石晶体生长专用装备,硬脆材料精密加工专用装备,晶片及其它蓝宝石制品,3d玻璃热弯机,双面研磨（抛光）机,单面研磨（抛光）机,蓝宝石双面抛光机,蓝宝石双面高速抛光机,蓝宝石双面铜盘研磨机,2.5d(弧面)抛光机,研磨(抛光)系列,单晶炉(及升级改造),精雕机,3d热弯机,研磨(抛光)系列设备,仿形磨边系列,铣磨机系列,热弯机,灯具系列,双面研磨(抛光)机,蓝宝石双面研磨(抛光)机,单面研磨(抛光)机"
603220.SH,中贝通信,43.7,13.10,5.052,通信-通信服务-通信服务Ⅲ,"共享单车,5G,充电桩",,,,5G;融资融券;转融券标的;富时罗素;富时罗素;标普道琼斯A股;智慧城市;智能交通;充电桩;雷达;共享单车,"通信网络建设服务,通信与信息化集成服务,通信网络优化与维护服务,通信网络规划与设计服务,5g核心网系统设备(含4g)安装调试,传输系统安装调试,5g无线基站设备(含2-3g退网,4g改造),室内分布系统安装调试,配套光(电)缆线路安装,通信基础配套设施建设,智慧城市,智能制造,网络参数调整,系统优化方案,5g无线网,传输网,光/电缆线路,通信管道,宽带接入网,计算机网络"
600363.SH,联创光电,133.1,29.55,5.048,电子-消费电子-消费电子零部件及组装,"虚拟现实,柔性屏,新能源汽车,OLED,军工,节能照明",,华为,"上证380,中证1000",参股新三板;体感3D;全息手机;元器件;体感交互;虹膜识别;嫦娥;融资融券;沪股通;转融券标的;OLED;节能照明;柔性屏;新能源汽车;华为;军工;富时罗素;激光;富时罗素;超导;标普道琼斯A股;VR设备;虚拟现实,"线缆,电脑及软件,光电器件及应用产品,超导设备,红外led,红外芯片,led,器件,背光源,显示模块,家电智能控制部件,照明光源（灯具）,移动通信电缆,光缆,有限电视电缆,电力电缆,半导体激光系列及航天微电子元器件,背光源及应用产品,光电通信缆,智能装备缆及金属材料,智能控制产品,眼球追踪技术"
301133.SZ,金钟股份,9.3,27.90,5.045,交运设备-汽车零部件-汽车零部件Ⅲ,新能源汽车,,"特斯拉,比亚迪",,特斯拉;理想汽车;蔚来汽车;新能源汽车;融资融券;转融券标的;比亚迪;高送转预期,"轮毂中心盖,大尺寸轮毂装饰盖,轮毂镶件,螺母盖,汽车字标,汽车标牌,方向盘标,装饰条,车身装饰件总成,格栅"
002156.SZ,通富微电,314.7,23.68,5.011,电子-半导体及元件-集成电路封测,"芯片,传感器,物联网,移动支付,第三代半导体,集成电路,先进封装（Chiplet）",,"华为海思,特斯拉","中证500,深证200",换芯;移动支付;手势识别;显卡;深股通;智能穿戴;GPU;物联网;芯片封装测试;芯片;集成电路;特斯拉;华为海思;融资融券;转融券标的;MSCI;富时罗素;富时罗素;标普道琼斯A股;国家大基金持股;第三代半导体;传感器;先进封装（Chiplet）;人民币贬值受益,"集成电路封装测试,传感器,半导体封测,半导体封装,集成电路封装,先进封装,封测,ic封装"
001323.SZ,慕思股份,19.0,47.37,5.010,轻工制造-家用轻工-家具,"人工智能,物联网",,华为,中证1000,物联网;电子商务;京东;人工智能;新股与次新股;核准制次新股;智能家居;养老金持股;华为,"中高端床垫,床架,床品和其他产品"
002381.SZ,双箭股份,23.2,7.22,4.942,基础化工-化工合成材料-其他橡胶制品,,养老,,,两会;绿色轮胎;长三角一体化;橡胶;养老,"胶片,胶管,橡胶输送带,输送带,煤炭,天胶"
300042.SZ,朗科科技,28.9,16.60,4.931,计算机-计算机设备-计算机设备Ⅲ,芯片,知识产权保护,,,三星;数据存储;元器件;内存;存储芯片;知识产权保护;芯片;融资融券;转融券标的;人民币贬值受益;粤港澳大湾区;地方国企改革;国企改革,"移动存储产品,闪存控制芯片,专利授权许可,闪存应用及移动存储产品,闪存应用产品,固体硬盘,闪存盘,专利授权许可收入,闪存控制芯片及其他,房屋租赁,固态存储,dram动态存储"
002151.SZ,北斗星通,132.4,33.94,4.915,国防军工-国防军工-军工电子,"车联网,芯片,无人机,物联网,无人驾驶,军工,集成电路,汽车芯片,5G,汽车电子,卫星导航","高端装备,国产航母,国产替代,军民融合",华为,"深证700,中证1000",智能交通;电子信息;TMT;遥感技术;智能物流;军民融合;汽车电子;高端装备;阅兵;融资融券;国产替代;卫星导航;深股通;芯片制造;转融券标的;物联网平台层;国产航母;物联网;集成电路;无人驾驶;军工;华为;5G;富时罗素;富时罗素;无人机;芯片;标普道琼斯A股;车联网;航空航天;国家大基金持股;汽车芯片,"基于位置的信息系统应用,基于位置的运营服务,导航定位产品,产导航定位产品,卫星导航,电子导航,北斗,北斗导航,北斗卫星导航,导航终端,北斗芯片,北斗导航业务,芯片,导航产品,导航,导航芯片,地图,导航定位产品业务,基于位置的系统应用,卫星导航定位产品及其他导航产品,汽车电子与工程服务,国防装备业务,基于位置的行业应用与运营服务业务,基础产品业务,nebulas/firebird/humbird系列芯片,um模块系列,ub/bdnav板卡系列,novatel板卡系列,高精度卫星定位天线,无人机天线,基站天线,大s动中通天线,微波介质陶瓷元器件,模组及整机产品,射频元器件产品,功率放大器,天璇接收机系列,novatel接收机系列,采集终端"
301191.SZ,菲菱科思,13.3,99.61,4.908,通信-通信设备-通信终端及配件,"芯片,数据中心,安防,5G,F5G",新基建,"小米,华为",,注册制次新股;融资融券;转融券标的;新股与次新股;数据中心;5G;华为;新基建;F5G;小米;安防;芯片,"无管理交换机,二层管理交换机,三层管理交换机,poe交换机,数据中心交换机,工业交换机,企业级路由器,无线路由器,无线ap,ac控制器,硬件防火墙,保安单元,poe注入器"
300688.SZ,创业黑马,29.3,21.63,4.898,社会服务-教育-教育Ⅲ,"在线教育,职业教育,区块链,元宇宙",知识产权保护,,,创投;独角兽;创业板重组松绑;区块链;在线教育;北交所;知识产权保护;北京自贸区;人力资源服务;元宇宙;SAAS;web3.0;职业教育,"创业咨询服务,线下活动,会员服务,创业辅导培训服务,公关服务,创业辅导培训,公关,线下活动服务,创业资讯服务等,培训辅导服务,营销服务,企业严选服务-城市拓展,城市拓展服务,saas模式服务,财税服务,知识产权服务,其他业务服务"
002891.SZ,中宠股份,75.4,25.63,4.869,农林牧渔-农产品加工-饲料,,,,"深证700,中证1000",深股通;人民币贬值受益;宠物经济;融资融券;转融券标的,"鸡肉片,鸭肉钙骨,鸡肉卷鳕鱼,三明治,鸡肉哑铃,牛肉罐头,角切鸡肉,鸡肉+鸡胗犬用鲜封包,清香鳕鱼角切,鸡肉慕斯,幼猫猫粮,成猫猫粮,小型犬幼犬粮,贵宾犬幼犬粮,中大型犬幼犬粮宠物零食,宠物罐头,宠物干粮,宠物用品,鸡肉零食系列,鸭肉零食系列,牛肉零食系列,猪肉零食系列,羊肉零食系列,鱼肉零食系列,宠物饼干系列,宠物香肠系列,宠物湿粮系列,宠物干粮系列,洁齿骨系列,干粮系列,宠物食品"
000901.SZ,航天科技,84.5,10.59,4.852,交运设备-汽车零部件-汽车零部件Ⅲ,"车联网,无人机,传感器,物联网,无人驾驶,军工,汽车电子,卫星导航",军民融合,,"深证700,中证1000",无人机;阅兵;振兴东北;融资融券;深股通;航天系;航空航天;转融券标的;军民融合;汽车电子;车联网;军工;工业互联网;黑龙江自贸区;物联网;卫星导航;智能电网;富时罗素;富时罗素;标普道琼斯A股;无人驾驶;太空经济;传感器;中俄贸易;地方国企改革;央企国企改革;国企改革,"航天应用产品,汽车电子,石油仪器设备,电力设备,航天,石油仪器,航天产品,车联网及工业物联网,光机电测控及电网配套设备,环保,环保监测产品,汽车仪表,军工,飞机,油气,高温合金,卫星,复合材料"
600136.SH,ST明诚,14.7,3.03,4.844,社会服务-其他社会服务-体育,"文化传媒,足球,体育产业",,,,明星参股;奥运会;体育产业;文化传媒;足球;影视娱乐;标普道琼斯A股;ST板块;世界杯;地方国企改革;国企改革;湖北国企改革,"学生公寓运营管理,磷矿石贸易,租赁,房地产代销,房地产,磷矿石销售,ipv6,民爆,物业管理,磷矿石,学生公寓运营,影视产品,电视剧,电影,艺人经纪,广告,制作,体育视频,体育旅游,体育经纪,场馆运营,体育产品,影院,体育版权"
600610.SH,中毅达,72.5,16.15,4.802,基础化工-化学原料-其他化学原料,磷化工,,,中证1000,磷化工;融资融券;转融券标的;央企国企改革;国企改革,"纺织机械及配件,园林绿化,纺织机械配件,道路施工,医用酒精,季戊四醇,三羟甲基丙烷,酒精,ddgs饲料,工业用季戊四醇,工业用双季戊四醇,工业用三季戊四醇,特级品季戊四醇,工业用三羟甲基丙烷,工业用双三羟甲基丙烷"
601360.SH,三六零,837.4,11.72,4.736,计算机-计算机应用-软件开发,"车联网,物联网,信创,文化传媒,EDR,安防,新能源汽车,机器人,大数据,数据安全,国产软件,人工智能,网络安全,区块链,网络游戏",国产操作系统,比亚迪,"沪深300,上证180",云计算;大数据;物联网;车联网;智能穿戴;广告营销;文化传媒;人工智能;沪股通;区块链;网络安全;智慧城市;国产软件;融资融券;转融券标的;网络游戏;富时罗素;富时罗素;空铁WIFI;标普道琼斯A股;国产操作系统;机器人;安防;同花顺漂亮100;SAAS;云办公;新能源汽车;数据安全;EDR;MSCI;信创;比亚迪;参股银行;ChatGPT,"互联网服务,杀毒软件,游戏,广告,安全服务,浏览器,360安全卫士,360杀毒,360手机卫士,360清理大师,360安全浏览器,360手机助手,360软件管家,智能摄像头,智能行车记录仪,智能安全手表,三六零推出猎网平台,360cert,威胁情报中心,ddos,mon,scan,360搜索业务,360导航业务,信息流业务,360影视和360娱乐"
000150.SZ,*ST宜康,8.9,1.11,4.717,医药生物-医疗服务-其他医疗服务,医美,"养老,健康中国,民营医院",,,健康中国;民营医院;互联网医疗;养老;生物安全;标普道琼斯A股;智能医疗;医美;富时罗素;ST板块;一元股,"房地产,医院,物业管理,医院非诊疗服务,医院及治疗中心,健康管理业务,医疗后勤综合服务,医疗专业工程,医疗商品销售,医院投资运营,养老服务,医疗机构投资及运营,养老社区投资及运营,电子血压仪,注射穿刺器械,医疗投资运营,医院经营业务,养老专业服务,医院托管服务业务,医院投资与运营业务,合作诊疗中心业务,养老社区投资与运营,会员养老服务,医疗后勤服务业务,医疗专业工程业务"
603085.SH,天成自控,48.1,12.99,4.674,交运设备-汽车零部件-汽车零部件Ⅲ,新能源汽车,"工业4.0,三胎",比亚迪,上证150,工业4.0;融资融券;转融券标的;新能源汽车;三胎;航空航天;比亚迪,"商用车座椅,农用机械座椅,园林机械座椅,轨道交通车辆座椅,矿用车座椅,水上交通工具座椅,工程机械座椅,乘用车座椅,挖掘机座椅,装载机座椅,叉车座椅,推土机座椅,重卡座椅,大中客车座椅,大中型拖拉机座椅,收割机座椅,轿车,suv等前座,后座座椅,航空座椅,乘用车"
688682.SH,霍莱沃,26.1,86.30,4.606,国防军工-国防军工-军工电子,"军工,5G,卫星导航",,,上证150,5G;军工;融资融券;转融券标的;卫星导航,"相控阵校准测试系统,相控阵相关产品,无线系统半实物仿真验证平台业务,仿真软件及应用业务,通用化测试设备产品,暗室的建设及维护"
002232.SZ,启明信息,63.1,15.45,4.604,计算机-计算机应用-IT服务,"车联网,数据中心,虚拟现实,EDR,胎压监测,新能源汽车,大数据,无人驾驶,元宇宙,国产软件,汽车电子,人工智能,网络安全,卫星导航","国产操作系统,国资云","华为汽车,华为,百度",中证1000,央企控股;电子信息;车联网;振兴东北;卫星导航;智能交通;电机电控;新能源汽车;汽车电子;工业互联网;无人驾驶;胎压监测;云计算;国六标准、国六排放、国六;数据中心;大数据;国产软件;华为;国产操作系统;华为汽车;网络安全;EDR;百度;国资云;元宇宙;虚拟现实;地方国企改革;央企国企改革;国企改革;年报预增;数字经济;人工智能,"管理软件,集成服务,数据中心,汽车电子,车联网,卫星导航,地理信息,车载电子,it服务,汽车行业管理软件,汽车,智能交通,新能源,导航,企业资源计划管理系统(erp),产品数据管理系统(pdm),制造执行系统(mes),办公协同系统(oa),销售管理系统(tds),工艺过程设计系统(capp),采购交易管理(scm),物流管理(scm),客户关系管理(crm),经销商服务站管理(dms),汽车电子服务,管理软件服务"
600150.SH,中国船舶,588.6,24.09,4.603,国防军工-国防军工-航海装备,"风电,军工,海工装备","高端装备,一带一路,国产航母,军民融合",中船系,"沪深300,上证180",LNG动力船;军民融合;船舶升级;高端装备;央企控股;航运港口;海洋经济;一带一路;风电;国产航母;融资融券;转融券标的;沪股通;富时罗素;富时罗素;军工;海工装备;中船系;地方国企改革;央企国企改革;中字头股票;国企改革,"海洋工程,动力装备,机电设备,化学品船,船用柴油机制造,工程机械服务,船舶修造,核航母,海工装备,重型装备,船机,修船,高价钢材,集装箱船,油船,散货船,船舶,lng,舰船,造船,重工机械,机电设备,海洋天然气,旅游装备,船舶造修,超大型矿砂船,海工船fpso,海工平台,柴油机"
688511.SH,天微电子,12.0,33.38,4.574,国防军工-国防军工-军工电子,军工,,,,军工;融资融券;转融券标的,"某型灭火抑爆系统,某型动力舱灭火系统,某型抑爆系统,点火类某型放电管,保护类某型放电管,大型大电流陶瓷快/慢熔断系列,小型管状陶瓷快/慢熔断系列,微型贴装陶瓷快/慢熔断系列,小型塑料插件慢熔断系列,新型灭火抑爆系统,航空放电管,熔断器"
301179.SZ,泽宇智能,17.5,52.88,4.547,电力设备-电力设备-电气自控设备,"数据中心,虚拟电厂,光伏建筑一体化,储能,特高压,光伏,柔性直流输电,风电,国产软件,充电桩",绿色电力,,,智能电网;光伏;柔性直流输电;特高压;储能;风电;光伏建筑一体化;融资融券;绿色电力;数据中心;数字经济;充电桩;转融券标的;国产软件;虚拟电厂;高送转预期,"电网咨询设计,配电网咨询设计,电力通信系统集成,电力调度数据集成,变电站运维监护系统集成,通信工程施工,电力工程施工,配电自动化施工,定制化运营维护服务,网络优化服务,客户培训提升服务"
603590.SH,康辰药业,50.1,31.29,4.544,医药生物-生物制品-其他生物制品,,"知识产权保护,猴痘,专精特新",,,知识产权保护;创投;标普道琼斯A股;专精特新;猴痘;创新药,"“苏灵”,cx1003,cx1026,cx1409,“迪奥”（注射用盐酸洛拉曲克）,尖吻蝮蛇血凝酶,筋骨草总环烯醚萜苷片,金草片,注射用尖吻蝮蛇血凝酶(“苏灵”),“密盖息”鲑降钙素注射液,鼻用喷雾剂,吸入性新药,吸入式疫苗"
301198.SZ,喜悦智行,17.6,29.33,4.526,轻工制造-包装印刷-包装,,节能环保,"特斯拉,华为,比亚迪",,特斯拉;节能环保;智能物流;转融券标的;比亚迪;融资融券;华为,"衬垫组合包装产品,料架组合包装产品,围板箱组合包装产品,周转箱组合包装产品,吸塑衬垫,吸塑顶盖,吸塑托盘,薄壁吸塑类包装单元,周转箱类包装单元"
603218.SH,日月股份,246.3,25.45,4.518,电力设备-电力设备-风电设备,"风电,核电",一带一路,,"上证380,中证500",一带一路;机械装备;沪股通;核电;MSCI;风电;融资融券;核污染防治;转融券标的;养老金持股,"箱体,扭力臂,轮毂（转子头）,底座,行星架,定动轴,主轴套,注射油缸,高压油缸,超长油缸,高压油缸模板,头板,二板,尾板,直立式机体,v形机体,缸盖,活塞,曲轴,床身,工作台,横梁,滑枕,风电铸件,塑料机械铸件,柴油机铸件,加工中心铸件,铸件,大型空压机重要部件,风电,注塑机"
600195.SH,中牧股份,159.3,15.60,4.488,农林牧渔-农业服务-动物保健,"动物疫苗,赛马","流感,禽流感",,中证500,兽药;参股保险;西尼罗病毒;饲料;医保目录;猪瘟疫情;赛马;禽流感;流感;动物疫苗;融资融券;转融券标的;分拆上市意愿;地方国企改革;央企国企改革;中字头股票;国企改革,"猪蓝耳疫苗,禽流感疫苗,猪瘟疫苗,生物制品,化药,饲料,贸易,口蹄疫疫苗,蓝耳病疫苗,生猪,动物疫苗业务,弱毒疫苗,动物疫苗,狂犬疫苗,预混料,养殖,兽药,疫苗,兽用疫苗,生物制品,高致病性禽流感疫苗,口蹄疫类疫苗,猪圆环病毒灭活疫苗,猪伪狂犬病活疫苗,狂犬病灭活疫苗及其他各类常规兽用疫苗产品,诊断制剂,兽药制剂,兽药原料药,复合维生素,复合预混料"
301033.SZ,迈普医学,19.9,53.60,4.483,医药生物-医疗器械-医疗耗材,"牙科医疗,3D打印,医美,医疗器械",国产替代,,,医疗器械;牙科医疗;3D打印;国产替代;融资融券;转融券标的;医美,"人工硬脑（脊）膜补片,颅颌面修补产品,可吸收止血纱,可吸收医用胶,口腔可吸收修复膜,定制式矫治器,可吸收功能性创面修复补片,生物,3d打印机"
002149.SZ,西部材料,82.8,16.96,4.434,有色金属-小金属-其他小金属,"核电,柔性屏,军工,燃料电池,5G",俄乌冲突,,,轻型合金;4D打印;核电;稀有金属;柔性屏;5G;融资融券;分拆上市意愿;转融券标的;燃料电池;小金属;航空航天;参股新三板;俄乌冲突;军工;地方国企改革;国企改革,"其他金属产品,稀有金属复合材料及制品,难熔金属制品,金属纤维及制品,贵金属制品,钛制品,钛钢复合板,新材料,金属新材料,钛加工材,银合金棒,钛材,民用钛材,核电,稀有金属复合材料,大飞机,金属,大型飞机,核电用锆材,复合材料,稀有金属,其他稀有金属"
